CREATE TABLE IF NOT EXISTS `categorysubjectwise` (
  `id` int(11) NOT NULL AUTO_INCREMENT,
  `category` varchar(45) NOT NULL,
  PRIMARY KEY (`id`)
) ENGINE=InnoDB AUTO_INCREMENT=17 DEFAULT CHARSET=utf8;

CREATE TABLE IF NOT EXISTS `examcategory` (
  `id` int(11) NOT NULL AUTO_INCREMENT,
  `category` varchar(45) NOT NULL,
  PRIMARY KEY (`id`)
) ENGINE=InnoDB AUTO_INCREMENT=17 DEFAULT CHARSET=utf8;

CREATE TABLE IF NOT EXISTS `examsubcategory` (
  `id` int(11) NOT NULL AUTO_INCREMENT,
  `cat_id` int(11) NOT NULL,
  `subcategory` varchar(45) NOT NULL,
  PRIMARY KEY (`id`),
  KEY `fk_cat_idx` (`cat_id`),
  CONSTRAINT `fk_cat` FOREIGN KEY (`cat_id`) REFERENCES `examcategory` (`id`) ON DELETE CASCADE ON UPDATE CASCADE
) ENGINE=InnoDB AUTO_INCREMENT=20 DEFAULT CHARSET=utf8;

CREATE TABLE IF NOT EXISTS `questionbank` (
  `id` varchar(100) NOT NULL,
  `test_id` varchar(250) DEFAULT NULL,
  `question_type` varchar(45) NOT NULL,
  `paragraph_text` varchar(2000) DEFAULT NULL,
  `question_text` varchar(2000) NOT NULL,
  `optionA` varchar(2000) NOT NULL,
  `optionB` varchar(2000) NOT NULL,
  `optionC` varchar(2000) NOT NULL,
  `optionD` varchar(2000) NOT NULL,
  `correct_option` varchar(45) NOT NULL,
  `explanation` varchar(2000) DEFAULT NULL,
  `active` varchar(45) NOT NULL DEFAULT 'true',
  `category_bank` int(11) NOT NULL,
  `subcategory_bank` int(11) NOT NULL,
  PRIMARY KEY (`id`),
  KEY `questionbank_categorysubjectwise_idx` (`category_bank`),
  KEY `questionbank_subcategorysubjectwise_idx` (`subcategory_bank`),
  CONSTRAINT `questionbank_categorysubjectwise` FOREIGN KEY (`category_bank`) REFERENCES `categorysubjectwise` (`id`) ON DELETE NO ACTION ON UPDATE NO ACTION,
  CONSTRAINT `questionbank_subcategorysubjectwise` FOREIGN KEY (`subcategory_bank`) REFERENCES `subcategorysubjectwise` (`id`) ON DELETE NO ACTION ON UPDATE NO ACTION
) ENGINE=InnoDB DEFAULT CHARSET=utf8;

CREATE TABLE IF NOT EXISTS `questions` (
  `id` varchar(100) NOT NULL,
  `test_id` int(11) NOT NULL,
  `question_type` varchar(45) NOT NULL,
  `paragraph_text` varchar(2000) DEFAULT NULL,
  `question_text` varchar(2000) NOT NULL,
  `optionA` varchar(2000) DEFAULT NULL,
  `optionB` varchar(2000) DEFAULT NULL,
  `optionC` varchar(2000) DEFAULT NULL,
  `optionD` varchar(2000) DEFAULT NULL,
  `correct_option` varchar(2000) DEFAULT NULL,
  `explanation` varchar(2000) DEFAULT NULL,
  `active` varchar(45) NOT NULL DEFAULT 'true',
  PRIMARY KEY (`id`,`test_id`),
  KEY `question_fk_idx` (`test_id`),
  CONSTRAINT `question_fk` FOREIGN KEY (`test_id`) REFERENCES `testdetails` (`id`) ON DELETE CASCADE ON UPDATE CASCADE
) ENGINE=InnoDB DEFAULT CHARSET=utf8;

CREATE TABLE IF NOT EXISTS `subcategorysubjectwise` (
  `id` int(11) NOT NULL AUTO_INCREMENT,
  `cat_id` int(11) NOT NULL,
  `subcategory` varchar(45) NOT NULL,
  PRIMARY KEY (`id`),
  KEY `category_subjectwise_idx` (`cat_id`),
  CONSTRAINT `category_subjectwise` FOREIGN KEY (`cat_id`) REFERENCES `categorysubjectwise` (`id`) ON DELETE NO ACTION ON UPDATE NO ACTION
) ENGINE=InnoDB AUTO_INCREMENT=9 DEFAULT CHARSET=utf8;

CREATE TABLE IF NOT EXISTS `testdetails` (
  `id` int(11) NOT NULL AUTO_INCREMENT,
  `cat_id` int(11) NOT NULL,
  `subcat_id` int(11) NOT NULL,
  `title` varchar(45) NOT NULL,
  `no_of_ques` int(11) NOT NULL,
  `time_limit` int(11) NOT NULL,
  `correct_ans_marks` int(11) NOT NULL,
  `wrong_ans_marks` int(11) NOT NULL,
  `passing_percentage` int(11) DEFAULT NULL,
  `shuffle_ques` tinyint(5) DEFAULT NULL,
  `shuffle_options` tinyint(5) DEFAULT NULL,
  `attempt_multiple_times` tinyint(5) DEFAULT NULL,
  `active` varchar(10) DEFAULT 'false',
  `candidate_count` int(11) NOT NULL DEFAULT '0',
  PRIMARY KEY (`id`),
  KEY `fk_category_idx` (`cat_id`),
  KEY `fk_subcategory_idx` (`subcat_id`),
  CONSTRAINT `fk_category` FOREIGN KEY (`cat_id`) REFERENCES `examcategory` (`id`) ON DELETE NO ACTION ON UPDATE NO ACTION,
  CONSTRAINT `fk_subcategory` FOREIGN KEY (`subcat_id`) REFERENCES `examsubcategory` (`id`) ON DELETE NO ACTION ON UPDATE NO ACTION
) ENGINE=InnoDB AUTO_INCREMENT=1458429742 DEFAULT CHARSET=utf8;

CREATE TABLE IF NOT EXISTS `testreports` (
  `id` int(11) NOT NULL AUTO_INCREMENT,
  `test_id` int(11) NOT NULL,
  `username` varchar(45) NOT NULL,
  `emailid` varchar(100) NOT NULL,
  `mobile_number` varchar(45) DEFAULT NULL,
  `marks_scored` int(11) NOT NULL,
  `time_taken` int(11) DEFAULT NULL,
  `rank` int(11) NOT NULL,
  `questions_attempted` int(11) NOT NULL,
  `correct_ques` int(11) NOT NULL,
  `incorrect_ques` int(11) NOT NULL,
  PRIMARY KEY (`id`)
) ENGINE=InnoDB AUTO_INCREMENT=106 DEFAULT CHARSET=utf8;

CREATE TABLE IF NOT EXISTS `usercreds` (
  `id` int(11) NOT NULL AUTO_INCREMENT,
  `user_id` varchar(50) NOT NULL,
  `password` varchar(50) NOT NULL,
  PRIMARY KEY (`id`),
  KEY `fk_user_id_idx` (`user_id`),
  CONSTRAINT `fk_user_id` FOREIGN KEY (`user_id`) REFERENCES `userdetails` (`id`) ON DELETE CASCADE ON UPDATE CASCADE
) ENGINE=InnoDB AUTO_INCREMENT=5 DEFAULT CHARSET=utf8;

CREATE TABLE IF NOT EXISTS `userdetails` (
  `id` varchar(50) NOT NULL,
  `name` varchar(45) NOT NULL,
  `email` varchar(45) NOT NULL,
  `mobileno` bigint(15) DEFAULT NULL,
  PRIMARY KEY (`id`),
  UNIQUE KEY `email_UNIQUE` (`email`)
) ENGINE=InnoDB DEFAULT CHARSET=utf8;

INSERT INTO `categorysubjectwise` (`id`,`category`) VALUES (1,'Maths');
INSERT INTO `categorysubjectwise` (`id`,`category`) VALUES (2,'English');
INSERT INTO `categorysubjectwise` (`id`,`category`) VALUES (3,'Science');
INSERT INTO `categorysubjectwise` (`id`,`category`) VALUES (4,'Social Science');
INSERT INTO `categorysubjectwise` (`id`,`category`) VALUES (5,'General Knowledge');
INSERT INTO `categorysubjectwise` (`id`,`category`) VALUES (6,'Drawing');
INSERT INTO `categorysubjectwise` (`id`,`category`) VALUES (11,'Aptitude');
INSERT INTO `categorysubjectwise` (`id`,`category`) VALUES (12,'Physics');
INSERT INTO `categorysubjectwise` (`id`,`category`) VALUES (13,'Chemistry');
INSERT INTO `categorysubjectwise` (`id`,`category`) VALUES (14,'Biology');
INSERT INTO `categorysubjectwise` (`id`,`category`) VALUES (15,'test2');
INSERT INTO `categorysubjectwise` (`id`,`category`) VALUES (16,'testing');

INSERT INTO `examcategory` (`id`,`category`) VALUES (1,'SSC');
INSERT INTO `examcategory` (`id`,`category`) VALUES (2,'Bank');
INSERT INTO `examcategory` (`id`,`category`) VALUES (3,'CAT');
INSERT INTO `examcategory` (`id`,`category`) VALUES (4,'Technical');
INSERT INTO `examcategory` (`id`,`category`) VALUES (5,'General Knowledge');
INSERT INTO `examcategory` (`id`,`category`) VALUES (6,'Quantitative Aptitude');
INSERT INTO `examcategory` (`id`,`category`) VALUES (7,'English');
INSERT INTO `examcategory` (`id`,`category`) VALUES (8,'Technical');
INSERT INTO `examcategory` (`id`,`category`) VALUES (9,'GATE');
INSERT INTO `examcategory` (`id`,`category`) VALUES (10,'PSU');
INSERT INTO `examcategory` (`id`,`category`) VALUES (11,'IAS');
INSERT INTO `examcategory` (`id`,`category`) VALUES (12,'IES');
INSERT INTO `examcategory` (`id`,`category`) VALUES (13,'Company');
INSERT INTO `examcategory` (`id`,`category`) VALUES (14,'test1');
INSERT INTO `examcategory` (`id`,`category`) VALUES (15,'test2');
INSERT INTO `examcategory` (`id`,`category`) VALUES (16,'IMD');

INSERT INTO `examsubcategory` (`id`,`cat_id`,`subcategory`) VALUES (5,2,'SBI PO');
INSERT INTO `examsubcategory` (`id`,`cat_id`,`subcategory`) VALUES (6,1,'SSC Tier-1');
INSERT INTO `examsubcategory` (`id`,`cat_id`,`subcategory`) VALUES (7,1,'SSC Tier-2');
INSERT INTO `examsubcategory` (`id`,`cat_id`,`subcategory`) VALUES (8,2,'IBPS PO');
INSERT INTO `examsubcategory` (`id`,`cat_id`,`subcategory`) VALUES (9,2,'IBPS IT');
INSERT INTO `examsubcategory` (`id`,`cat_id`,`subcategory`) VALUES (10,2,'SBI Clerk');
INSERT INTO `examsubcategory` (`id`,`cat_id`,`subcategory`) VALUES (11,4,'Java');
INSERT INTO `examsubcategory` (`id`,`cat_id`,`subcategory`) VALUES (12,2,'PNB');
INSERT INTO `examsubcategory` (`id`,`cat_id`,`subcategory`) VALUES (13,2,'BOB');
INSERT INTO `examsubcategory` (`id`,`cat_id`,`subcategory`) VALUES (14,4,'Java');
INSERT INTO `examsubcategory` (`id`,`cat_id`,`subcategory`) VALUES (15,4,'GATE');
INSERT INTO `examsubcategory` (`id`,`cat_id`,`subcategory`) VALUES (16,10,'BEL');
INSERT INTO `examsubcategory` (`id`,`cat_id`,`subcategory`) VALUES (17,13,'Aptitude');
INSERT INTO `examsubcategory` (`id`,`cat_id`,`subcategory`) VALUES (18,15,'new1');
INSERT INTO `examsubcategory` (`id`,`cat_id`,`subcategory`) VALUES (19,16,'Scientific Assistant');

INSERT INTO `questionbank` (`id`,`test_id`,`question_type`,`paragraph_text`,`question_text`,`optionA`,`optionB`,`optionC`,`optionD`,`correct_option`,`explanation`,`active`,`category_bank`,`subcategory_bank`) VALUES ('1zvSn','73302','Paragraph','<p>test paragraph&nbsp;test paragraph&nbsp;test paragraph&nbsp;test paragraph&nbsp;test paragraph&nbsp;test paragraph&nbsp;test paragraph&nbsp;test paragraph&nbsp;test paragraph&nbsp;test paragraph&nbsp;test paragraph&nbsp;test paragraph&nbsp;test paragraph&nbsp;test paragraph</p>\n','<p>test question&nbsp;test question&nbsp;test question&nbsp;test question&nbsp;test question&nbsp;test question&nbsp;test question&nbsp;test question&nbsp;test question&nbsp;test question&nbsp;test question&nbsp;test question&nbsp;test question&nbsp;test question&nbsp;test question&nbsp;test question&nbsp;test question&nbsp;test question&nbsp;test question&nbsp;test question&nbsp;test question</p>\n','<p>a</p>\n','<p>b</p>\n','<p>c</p>\n','<p>d</p>\n','b','<p>None</p>\n','true',1,1);
INSERT INTO `questionbank` (`id`,`test_id`,`question_type`,`paragraph_text`,`question_text`,`optionA`,`optionB`,`optionC`,`optionD`,`correct_option`,`explanation`,`active`,`category_bank`,`subcategory_bank`) VALUES ('EDnBH','73302','Simple','','<p>test</p>\n','<p>a</p>\n','<p>b</p>\n','<p>c</p>\n','<p>d</p>\n','c','<p>Required</p>\n','true',1,1);

INSERT INTO `questions` (`id`,`test_id`,`question_type`,`paragraph_text`,`question_text`,`optionA`,`optionB`,`optionC`,`optionD`,`correct_option`,`explanation`,`active`) VALUES ('0',39140,'Simple','<p>update</p>\n','<p>question update</p>\n','<p>option a update</p>\n','<p>option b update</p>\n','<p>option c update</p>\n','<p>option d update</p>\n','<p>correct option update</p>\n','<p>&nbsp;explanation update</p>\n','true');
INSERT INTO `questions` (`id`,`test_id`,`question_type`,`paragraph_text`,`question_text`,`optionA`,`optionB`,`optionC`,`optionD`,`correct_option`,`explanation`,`active`) VALUES ('1',5,'Simple','sample pargraph text','Sample question text','A','B','C','D','A','explanation---','true');
INSERT INTO `questions` (`id`,`test_id`,`question_type`,`paragraph_text`,`question_text`,`optionA`,`optionB`,`optionC`,`optionD`,`correct_option`,`explanation`,`active`) VALUES ('1',6,'Simple','sample pargraph text','Sample question text','A','B','C','D','A','explanation---','true');
INSERT INTO `questions` (`id`,`test_id`,`question_type`,`paragraph_text`,`question_text`,`optionA`,`optionB`,`optionC`,`optionD`,`correct_option`,`explanation`,`active`) VALUES ('1',7,'t','t','t','t','t','t','t','t','t','false');
INSERT INTO `questions` (`id`,`test_id`,`question_type`,`paragraph_text`,`question_text`,`optionA`,`optionB`,`optionC`,`optionD`,`correct_option`,`explanation`,`active`) VALUES ('1',297,'Simple','Sample Paragraph Text','Simple Question Text','A','B','C','D','A','Sample explanation','true');
INSERT INTO `questions` (`id`,`test_id`,`question_type`,`paragraph_text`,`question_text`,`optionA`,`optionB`,`optionC`,`optionD`,`correct_option`,`explanation`,`active`) VALUES ('1',618,'Simple','Sample Paragraph Text','Simple Question Text','A','B','C','D','A','Sample explanation','true');
INSERT INTO `questions` (`id`,`test_id`,`question_type`,`paragraph_text`,`question_text`,`optionA`,`optionB`,`optionC`,`optionD`,`correct_option`,`explanation`,`active`) VALUES ('1',863,'Simple','Sample Paragraph Text','Simple Question Text','A','B','C','D','A','Sample explanation','true');
INSERT INTO `questions` (`id`,`test_id`,`question_type`,`paragraph_text`,`question_text`,`optionA`,`optionB`,`optionC`,`optionD`,`correct_option`,`explanation`,`active`) VALUES ('1',5525,'Paragraph','<p>test</p>\n','<p>test</p>\n','<p>a</p>\n','<p>b</p>\n','<p>c</p>\n','<p>d</p>\n','<p>a</p>\n','<p>none</p>\n','true');
INSERT INTO `questions` (`id`,`test_id`,`question_type`,`paragraph_text`,`question_text`,`optionA`,`optionB`,`optionC`,`optionD`,`correct_option`,`explanation`,`active`) VALUES ('1',7260,'Simple','','<p>question</p>\n','<p>option a</p>\n','<p>option b</p>\n','<p>option c</p>\n','<p>option d</p>\n','<p>&nbsp;correct option</p>\n','<p>explanation</p>\n','true');
INSERT INTO `questions` (`id`,`test_id`,`question_type`,`paragraph_text`,`question_text`,`optionA`,`optionB`,`optionC`,`optionD`,`correct_option`,`explanation`,`active`) VALUES ('1',9669,'Paragraph','<p>paragraph</p>\n','<p>question</p>\n','<p>option a</p>\n','<p>option b</p>\n','<p>option c</p>\n','<p>option d</p>\n','<p>correct option</p>\n','<p>explanation</p>\n','true');
INSERT INTO `questions` (`id`,`test_id`,`question_type`,`paragraph_text`,`question_text`,`optionA`,`optionB`,`optionC`,`optionD`,`correct_option`,`explanation`,`active`) VALUES ('1',9712,'Simple','','<p>testa</p>\n','<p>a</p>\n','<p>b</p>\n','<p>c</p>\n','<p>d</p>\n','null','<p>none</p>\n','true');
INSERT INTO `questions` (`id`,`test_id`,`question_type`,`paragraph_text`,`question_text`,`optionA`,`optionB`,`optionC`,`optionD`,`correct_option`,`explanation`,`active`) VALUES ('1',11204,'Paragraph','<p>test</p>\n','<p>test</p>\n','<p>a</p>\n','<p>b</p>\n','<p>c</p>\n','<p>d</p>\n','d','<p>None</p>\n','true');
INSERT INTO `questions` (`id`,`test_id`,`question_type`,`paragraph_text`,`question_text`,`optionA`,`optionB`,`optionC`,`optionD`,`correct_option`,`explanation`,`active`) VALUES ('1',12623,'Simple','','<p>1</p>\n','<p>1</p>\n','<p>1</p>\n','<p>1</p>\n','<p>1</p>\n','<p>1</p>\n','<p>1</p>\n','true');
INSERT INTO `questions` (`id`,`test_id`,`question_type`,`paragraph_text`,`question_text`,`optionA`,`optionB`,`optionC`,`optionD`,`correct_option`,`explanation`,`active`) VALUES ('1',14601,'Paragraph','<p>test</p>\n','<p>t</p>\n','<p>t</p>\n','<p>t</p>\n','<p>t</p>\n','<p>t</p>\n','d','<p>t</p>\n','true');
INSERT INTO `questions` (`id`,`test_id`,`question_type`,`paragraph_text`,`question_text`,`optionA`,`optionB`,`optionC`,`optionD`,`correct_option`,`explanation`,`active`) VALUES ('1',18223,'Simple','','<p>question</p>\n','<p>option a</p>\n','<p>option b&nbsp;</p>\n','<p>option c</p>\n','<p>option d</p>\n','<p>correct option&nbsp;</p>\n','<p>explanation</p>\n','true');
INSERT INTO `questions` (`id`,`test_id`,`question_type`,`paragraph_text`,`question_text`,`optionA`,`optionB`,`optionC`,`optionD`,`correct_option`,`explanation`,`active`) VALUES ('1',19862,'Simple','','<p>1</p>\n','<p>1</p>\n','<p>1</p>\n','<p>1</p>\n','<p>1</p>\n','<p>1</p>\n','<p>1</p>\n','false');
INSERT INTO `questions` (`id`,`test_id`,`question_type`,`paragraph_text`,`question_text`,`optionA`,`optionB`,`optionC`,`optionD`,`correct_option`,`explanation`,`active`) VALUES ('1',19987,'Simple','','<p>t</p>\n','<p>t</p>\n','<p>t</p>\n','<p>t</p>\n','<p>t</p>\n','<p>t</p>\n','<p>t</p>\n','false');
INSERT INTO `questions` (`id`,`test_id`,`question_type`,`paragraph_text`,`question_text`,`optionA`,`optionB`,`optionC`,`optionD`,`correct_option`,`explanation`,`active`) VALUES ('1',21525,'Simple','','<p>t</p>\n','<p>t</p>\n','<p>t</p>\n','<p>t</p>\n','<p>t</p>\n','<p>t</p>\n','<p>t</p>\n','true');
INSERT INTO `questions` (`id`,`test_id`,`question_type`,`paragraph_text`,`question_text`,`optionA`,`optionB`,`optionC`,`optionD`,`correct_option`,`explanation`,`active`) VALUES ('1',21820,'Simple','','','<p>t</p>\n','<p>t</p>\n','<p>t</p>\n','<p>t</p>\n','<p>t</p>\n','<p>t</p>\n','false');
INSERT INTO `questions` (`id`,`test_id`,`question_type`,`paragraph_text`,`question_text`,`optionA`,`optionB`,`optionC`,`optionD`,`correct_option`,`explanation`,`active`) VALUES ('1',24711,'Paragraph','<p>t</p>\n','<p>t</p>\n','<p>t</p>\n','<p>t</p>\n','<p>t</p>\n','<p>t</p>\n','d','<p>t</p>\n','true');
INSERT INTO `questions` (`id`,`test_id`,`question_type`,`paragraph_text`,`question_text`,`optionA`,`optionB`,`optionC`,`optionD`,`correct_option`,`explanation`,`active`) VALUES ('1',27672,'paragraph','<p>Sample Paragraph</p>\n','30','<p>Sample OptionA</p>\n','<p>Sample OptionB</p>\n','<p>Sample OptionC</p>\n','<p>Sample OptionD</p>\n','<p>Sample Correct Option</p>\n','<p>Sample Explanation</p>\n','true');
INSERT INTO `questions` (`id`,`test_id`,`question_type`,`paragraph_text`,`question_text`,`optionA`,`optionB`,`optionC`,`optionD`,`correct_option`,`explanation`,`active`) VALUES ('1',28741,'Simple','','<p>1</p>\n','<p>1</p>\n','<p>1</p>\n','<p>1</p>\n','<p>1</p>\n','<p>1</p>\n','<p>1</p>\n','false');
INSERT INTO `questions` (`id`,`test_id`,`question_type`,`paragraph_text`,`question_text`,`optionA`,`optionB`,`optionC`,`optionD`,`correct_option`,`explanation`,`active`) VALUES ('1',33135,'Simple','','<p>question</p>\n','<p>option A</p>\n','<p>option B</p>\n','<p>option C</p>\n','<p>option D</p>\n','<p>correct option&nbsp;</p>\n','<p>explanation</p>\n','true');
INSERT INTO `questions` (`id`,`test_id`,`question_type`,`paragraph_text`,`question_text`,`optionA`,`optionB`,`optionC`,`optionD`,`correct_option`,`explanation`,`active`) VALUES ('1',33999,'Paragraph','<p>test</p>\n','<p>test</p>\n','<p>a</p>\n','<p>b</p>\n','<p>c</p>\n','<p>d</p>\n','d','<p>None</p>\n','true');
INSERT INTO `questions` (`id`,`test_id`,`question_type`,`paragraph_text`,`question_text`,`optionA`,`optionB`,`optionC`,`optionD`,`correct_option`,`explanation`,`active`) VALUES ('1',35194,'paragraph','<p>f</p>\n','<p>f</p>\n','<p>f</p>\n','<p>f</p>\n','<p>f</p>\n','<p>ff</p>\n','<p>f</p>\n','<p>f</p>\n','true');
INSERT INTO `questions` (`id`,`test_id`,`question_type`,`paragraph_text`,`question_text`,`optionA`,`optionB`,`optionC`,`optionD`,`correct_option`,`explanation`,`active`) VALUES ('1',36085,'Simple','','<p>question</p>\n','<p>option a</p>\n','<p>option b</p>\n','<p>option c</p>\n','<p>option d</p>\n','<p>correct option</p>\n','<p>explanation</p>\n','true');
INSERT INTO `questions` (`id`,`test_id`,`question_type`,`paragraph_text`,`question_text`,`optionA`,`optionB`,`optionC`,`optionD`,`correct_option`,`explanation`,`active`) VALUES ('1',38325,'Simple','','<p>11</p>\n','<p>1</p>\n','<p>1</p>\n','<p>1</p>\n','<p>1</p>\n','<p>1</p>\n','<p>1</p>\n','false');
INSERT INTO `questions` (`id`,`test_id`,`question_type`,`paragraph_text`,`question_text`,`optionA`,`optionB`,`optionC`,`optionD`,`correct_option`,`explanation`,`active`) VALUES ('1',38563,'Simple','','<p>question</p>\n','<p>optionA</p>\n','<p>optionB</p>\n','<p>optionC</p>\n','<p>optionD</p>\n','<p>correct option&nbsp;</p>\n','<p>explanation</p>\n','true');
INSERT INTO `questions` (`id`,`test_id`,`question_type`,`paragraph_text`,`question_text`,`optionA`,`optionB`,`optionC`,`optionD`,`correct_option`,`explanation`,`active`) VALUES ('1',38797,'Paragraph','<p>test1</p>\n','<p>test1</p>\n','<p>a</p>\n','<p>b</p>\n','<p>c</p>\n','<p>d</p>\n','<p>a</p>\n','<p>none</p>\n','true');
INSERT INTO `questions` (`id`,`test_id`,`question_type`,`paragraph_text`,`question_text`,`optionA`,`optionB`,`optionC`,`optionD`,`correct_option`,`explanation`,`active`) VALUES ('1',39140,'Paragraph','<p>paragraph</p>\n','<p>question</p>\n','<p>option a</p>\n','<p>option b</p>\n','<p>option c</p>\n','<p>option d</p>\n','<p>correct option</p>\n','<p>&nbsp;explanation</p>\n','true');
INSERT INTO `questions` (`id`,`test_id`,`question_type`,`paragraph_text`,`question_text`,`optionA`,`optionB`,`optionC`,`optionD`,`correct_option`,`explanation`,`active`) VALUES ('1',43626,'Simple','','<p>Test Ques 1</p>\n','<p>a</p>\n','<p>b</p>\n','<p>c</p>\n','<p>d</p>\n','<p>correct</p>\n','<p>explanation</p>\n','true');
INSERT INTO `questions` (`id`,`test_id`,`question_type`,`paragraph_text`,`question_text`,`optionA`,`optionB`,`optionC`,`optionD`,`correct_option`,`explanation`,`active`) VALUES ('1',44423,'Paragraph','<p>paragraph update</p>\n','<p>question update</p>\n','<p>option a update</p>\n','<p>option b update</p>\n','<p>option c update</p>\n','<p>option d update</p>\n','<p>correct option &nbsp;update</p>\n','<p>explanation update</p>\n','false');
INSERT INTO `questions` (`id`,`test_id`,`question_type`,`paragraph_text`,`question_text`,`optionA`,`optionB`,`optionC`,`optionD`,`correct_option`,`explanation`,`active`) VALUES ('1',48136,'Simple','','<p>q</p>\n','<p>q</p>\n','<p>q</p>\n','<p>q</p>\n','<p>q</p>\n','<p>q</p>\n','<p>q</p>\n','true');
INSERT INTO `questions` (`id`,`test_id`,`question_type`,`paragraph_text`,`question_text`,`optionA`,`optionB`,`optionC`,`optionD`,`correct_option`,`explanation`,`active`) VALUES ('1',48802,'Simple','','<p>test</p>\n','<p>a</p>\n','<p>b</p>\n','<p>c</p>\n','<p>d</p>\n','d','<p>none</p>\n','true');
INSERT INTO `questions` (`id`,`test_id`,`question_type`,`paragraph_text`,`question_text`,`optionA`,`optionB`,`optionC`,`optionD`,`correct_option`,`explanation`,`active`) VALUES ('1',49715,'Simple','','<p>test</p>\n','<p>a</p>\n','<p>b</p>\n','<p>c</p>\n','<p>d</p>\n','null','<p>none</p>\n','true');
INSERT INTO `questions` (`id`,`test_id`,`question_type`,`paragraph_text`,`question_text`,`optionA`,`optionB`,`optionC`,`optionD`,`correct_option`,`explanation`,`active`) VALUES ('1',52604,'Simple','<p>test</p>\n','<p>t</p>\n','<p>t</p>\n','<p>t</p>\n','<p>t</p>\n','<p>t</p>\n','null','<p>t</p>\n','true');
INSERT INTO `questions` (`id`,`test_id`,`question_type`,`paragraph_text`,`question_text`,`optionA`,`optionB`,`optionC`,`optionD`,`correct_option`,`explanation`,`active`) VALUES ('1',52815,'Simple','','<p>1</p>\n','<p>1</p>\n','<p>1</p>\n','<p>1</p>\n','<p>1</p>\n','<p>1</p>\n','<p>1</p>\n','true');
INSERT INTO `questions` (`id`,`test_id`,`question_type`,`paragraph_text`,`question_text`,`optionA`,`optionB`,`optionC`,`optionD`,`correct_option`,`explanation`,`active`) VALUES ('1',54208,'Simple','','<p>2</p>\n','<p>2</p>\n','<p>2</p>\n','<p>2</p>\n','<p>2</p>\n','<p>2</p>\n','<p>2</p>\n','true');
INSERT INTO `questions` (`id`,`test_id`,`question_type`,`paragraph_text`,`question_text`,`optionA`,`optionB`,`optionC`,`optionD`,`correct_option`,`explanation`,`active`) VALUES ('1',54611,'Simple','<p>test</p>\n','<p>test</p>\n','<p>t</p>\n','<p>t</p>\n','<p>t</p>\n','<p>t</p>\n','c','<p>t</p>\n','true');
INSERT INTO `questions` (`id`,`test_id`,`question_type`,`paragraph_text`,`question_text`,`optionA`,`optionB`,`optionC`,`optionD`,`correct_option`,`explanation`,`active`) VALUES ('1',56169,'Simple','','<p>r</p>\n','<p>r</p>\n','<p>r</p>\n','<p>r</p>\n','<p>r</p>\n','<p>r</p>\n','<p>r</p>\n','false');
INSERT INTO `questions` (`id`,`test_id`,`question_type`,`paragraph_text`,`question_text`,`optionA`,`optionB`,`optionC`,`optionD`,`correct_option`,`explanation`,`active`) VALUES ('1',58162,'simple','','<p>q</p>\n','<p>wqw</p>\n','<p>qw</p>\n','<p>qw</p>\n','<p>qw</p>\n','<p>q</p>\n','<p>wq</p>\n','true');
INSERT INTO `questions` (`id`,`test_id`,`question_type`,`paragraph_text`,`question_text`,`optionA`,`optionB`,`optionC`,`optionD`,`correct_option`,`explanation`,`active`) VALUES ('1',58723,'Paragraph','<p>t</p>\n','','<p>t</p>\n','<p>tt</p>\n','<p>t</p>\n','<p>t</p>\n','d','<p>t</p>\n','true');
INSERT INTO `questions` (`id`,`test_id`,`question_type`,`paragraph_text`,`question_text`,`optionA`,`optionB`,`optionC`,`optionD`,`correct_option`,`explanation`,`active`) VALUES ('1',58829,'Paragraph','<p>test</p>\n','<p>test</p>\n','<p>a</p>\n','<p>b</p>\n','<p>c</p>\n','<p>d</p>\n','d','<p>None</p>\n','true');
INSERT INTO `questions` (`id`,`test_id`,`question_type`,`paragraph_text`,`question_text`,`optionA`,`optionB`,`optionC`,`optionD`,`correct_option`,`explanation`,`active`) VALUES ('1',59675,'Simple','','<p>question</p>\n','<p>optionA</p>\n','<p>optionB</p>\n','<p>optionC</p>\n','<p>optionD</p>\n','<p>correct option</p>\n','<p>explanation</p>\n','true');
INSERT INTO `questions` (`id`,`test_id`,`question_type`,`paragraph_text`,`question_text`,`optionA`,`optionB`,`optionC`,`optionD`,`correct_option`,`explanation`,`active`) VALUES ('1',60553,'Simple','','<p>g</p>\n','<p>g</p>\n','<p>g</p>\n','<p>g</p>\n','<p>g</p>\n','<p>g</p>\n','<p>g</p>\n','false');
INSERT INTO `questions` (`id`,`test_id`,`question_type`,`paragraph_text`,`question_text`,`optionA`,`optionB`,`optionC`,`optionD`,`correct_option`,`explanation`,`active`) VALUES ('1',61490,'Simple','','<p>Question-1</p>\n','<p>a</p>\n','<p>b</p>\n','<p>c</p>\n','<p>d</p>\n','<p>a</p>\n','<p>none</p>\n','false');
INSERT INTO `questions` (`id`,`test_id`,`question_type`,`paragraph_text`,`question_text`,`optionA`,`optionB`,`optionC`,`optionD`,`correct_option`,`explanation`,`active`) VALUES ('1',64755,'Simple','','<p>test</p>\n','<p>a</p>\n','<p>b</p>\n','<p>c</p>\n','<p>d</p>\n','<p>a</p>\n','<p>none</p>\n','true');
INSERT INTO `questions` (`id`,`test_id`,`question_type`,`paragraph_text`,`question_text`,`optionA`,`optionB`,`optionC`,`optionD`,`correct_option`,`explanation`,`active`) VALUES ('1',64791,'Simple','','<p>g</p>\n','<p>g</p>\n','<p>yg</p>\n','','<p>hh</p>\n','null','<p>j</p>\n','true');
INSERT INTO `questions` (`id`,`test_id`,`question_type`,`paragraph_text`,`question_text`,`optionA`,`optionB`,`optionC`,`optionD`,`correct_option`,`explanation`,`active`) VALUES ('1',69763,'Simple','','<p>t</p>\n','<p>t</p>\n','<p>t</p>\n','<p>t</p>\n','<p>t</p>\n','<p>t</p>\n','<p>t</p>\n','true');
INSERT INTO `questions` (`id`,`test_id`,`question_type`,`paragraph_text`,`question_text`,`optionA`,`optionB`,`optionC`,`optionD`,`correct_option`,`explanation`,`active`) VALUES ('1',73302,'Paragraph','<p>t</p>\n','<p>t</p>\n','<p>a</p>\n','<p>b</p>\n','<p>c</p>\n','<p>d</p>\n','d','<p>ex</p>\n','true');
INSERT INTO `questions` (`id`,`test_id`,`question_type`,`paragraph_text`,`question_text`,`optionA`,`optionB`,`optionC`,`optionD`,`correct_option`,`explanation`,`active`) VALUES ('1',74812,'Paragraph','<p>t</p>\n','<p>t</p>\n','<p>t</p>\n','<p>t</p>\n','<p>t</p>\n','<p>t</p>\n','d','<p>t</p>\n','true');
INSERT INTO `questions` (`id`,`test_id`,`question_type`,`paragraph_text`,`question_text`,`optionA`,`optionB`,`optionC`,`optionD`,`correct_option`,`explanation`,`active`) VALUES ('1',76523,'Simple','','<p>y</p>\n','<p>y</p>\n','<p>y</p>\n','<p>y</p>\n','<p>y</p>\n','<p>y</p>\n','<p>y</p>\n','true');
INSERT INTO `questions` (`id`,`test_id`,`question_type`,`paragraph_text`,`question_text`,`optionA`,`optionB`,`optionC`,`optionD`,`correct_option`,`explanation`,`active`) VALUES ('1',76954,'Simple','','<p>1</p>\n','<p>1</p>\n','<p>1</p>\n','<p>1</p>\n','<p>1</p>\n','<p>1</p>\n','<p>1</p>\n','true');
INSERT INTO `questions` (`id`,`test_id`,`question_type`,`paragraph_text`,`question_text`,`optionA`,`optionB`,`optionC`,`optionD`,`correct_option`,`explanation`,`active`) VALUES ('1',77646,'Paragraph','<p>test</p>\n','<p>t</p>\n','<p>t</p>\n','<p>t</p>\n','<p>t</p>\n','<p>t</p>\n','c','<p>t</p>\n','true');
INSERT INTO `questions` (`id`,`test_id`,`question_type`,`paragraph_text`,`question_text`,`optionA`,`optionB`,`optionC`,`optionD`,`correct_option`,`explanation`,`active`) VALUES ('1',78446,'Paragraph','<p>paragraph</p>\n','<p>Question</p>\n','<p>a</p>\n','<p>b</p>\n','<p>c</p>\n','<p>d</p>\n','b','<p>None</p>\n','true');
INSERT INTO `questions` (`id`,`test_id`,`question_type`,`paragraph_text`,`question_text`,`optionA`,`optionB`,`optionC`,`optionD`,`correct_option`,`explanation`,`active`) VALUES ('1',78466,'Simple','','<p>question2</p>\n','<p>2</p>\n','<p>2</p>\n','<p>2</p>\n','<p>2</p>\n','<p>2</p>\n','<p>2</p>\n','true');
INSERT INTO `questions` (`id`,`test_id`,`question_type`,`paragraph_text`,`question_text`,`optionA`,`optionB`,`optionC`,`optionD`,`correct_option`,`explanation`,`active`) VALUES ('1',82190,'Paragraph','<p>q</p>\n','<p>q</p>\n','<p>q</p>\n','<p>q</p>\n','<p>q</p>\n','<p>q</p>\n','<p>q</p>\n','<p>q</p>\n','true');
INSERT INTO `questions` (`id`,`test_id`,`question_type`,`paragraph_text`,`question_text`,`optionA`,`optionB`,`optionC`,`optionD`,`correct_option`,`explanation`,`active`) VALUES ('1',83643,'Simple','','<p>1</p>\n','<p>1</p>\n','<p>1</p>\n','<p>1</p>\n','<p>1</p>\n','<p>1</p>\n','<p>1</p>\n','true');
INSERT INTO `questions` (`id`,`test_id`,`question_type`,`paragraph_text`,`question_text`,`optionA`,`optionB`,`optionC`,`optionD`,`correct_option`,`explanation`,`active`) VALUES ('1',84493,'Paragraph','<p>t</p>\n','<p>t</p>\n','<p>t</p>\n','<p>t</p>\n','<p>t</p>\n','<p>t</p>\n','d','<p>t</p>\n','true');
INSERT INTO `questions` (`id`,`test_id`,`question_type`,`paragraph_text`,`question_text`,`optionA`,`optionB`,`optionC`,`optionD`,`correct_option`,`explanation`,`active`) VALUES ('1',84849,'Simple','','<p>2</p>\n','<p>2</p>\n','<p>2</p>\n','<p>2</p>\n','<p>2</p>\n','<p>2</p>\n','<p>2</p>\n','true');
INSERT INTO `questions` (`id`,`test_id`,`question_type`,`paragraph_text`,`question_text`,`optionA`,`optionB`,`optionC`,`optionD`,`correct_option`,`explanation`,`active`) VALUES ('1',85837,'Simple','','<p>test</p>\n','<p>t</p>\n','<p>t</p>\n','<p>t</p>\n','<p>t</p>\n','<p>t</p>\n','<p>t</p>\n','false');
INSERT INTO `questions` (`id`,`test_id`,`question_type`,`paragraph_text`,`question_text`,`optionA`,`optionB`,`optionC`,`optionD`,`correct_option`,`explanation`,`active`) VALUES ('1',87900,'Simple','','<p>1</p>\n','<p>1</p>\n','<p>1</p>\n','<p>1</p>\n','<p>1</p>\n','b','<p>1</p>\n','true');
INSERT INTO `questions` (`id`,`test_id`,`question_type`,`paragraph_text`,`question_text`,`optionA`,`optionB`,`optionC`,`optionD`,`correct_option`,`explanation`,`active`) VALUES ('1',88070,'Paragraph','<p><img src=\"https://i.froala.com/download/c5d0a80ae18dfa5013bb089884e173b00496c272.jpg?1502565374\" style=\"width: 300px;\" class=\"fr-fic fr-dib\"></p>','<p>test</p>','<p>q</p>','<p>q</p>','<p>q</p>','<p>a</p>','d','<p>None</p>','true');
INSERT INTO `questions` (`id`,`test_id`,`question_type`,`paragraph_text`,`question_text`,`optionA`,`optionB`,`optionC`,`optionD`,`correct_option`,`explanation`,`active`) VALUES ('1',89949,'Paragraph','<p>test</p>','<p>test</p>','<p>a</p>','<p>b</p>','<p>c</p>','<p>d</p>','d','<p>None</p>','true');
INSERT INTO `questions` (`id`,`test_id`,`question_type`,`paragraph_text`,`question_text`,`optionA`,`optionB`,`optionC`,`optionD`,`correct_option`,`explanation`,`active`) VALUES ('1',91601,'Simple','','<p>1</p>\n','<p>1</p>\n','<p>1</p>\n','<p>1</p>\n','<p>1</p>\n','<p>1</p>\n','<p>1</p>\n','false');
INSERT INTO `questions` (`id`,`test_id`,`question_type`,`paragraph_text`,`question_text`,`optionA`,`optionB`,`optionC`,`optionD`,`correct_option`,`explanation`,`active`) VALUES ('1',92239,'Simple','','<p>po</p>\n','<p>po</p>\n','<p>p</p>\n','<p>o</p>\n','<p>p</p>\n','<p>o</p>\n','<p>p</p>\n','true');
INSERT INTO `questions` (`id`,`test_id`,`question_type`,`paragraph_text`,`question_text`,`optionA`,`optionB`,`optionC`,`optionD`,`correct_option`,`explanation`,`active`) VALUES ('1',94718,'Paragraph','<p>test</p>\n','<p>test</p>\n','<p>a</p>\n','<p>b</p>\n','<p>c</p>\n','<p>d</p>\n','c','<p>None</p>\n','true');
INSERT INTO `questions` (`id`,`test_id`,`question_type`,`paragraph_text`,`question_text`,`optionA`,`optionB`,`optionC`,`optionD`,`correct_option`,`explanation`,`active`) VALUES ('1',94965,'Simple','','<p>question</p>\n','<p>option A</p>\n','<p>option B</p>\n','<p>option C</p>\n','<p>option D</p>\n','<p>correct option</p>\n','<p>explanation</p>\n','true');
INSERT INTO `questions` (`id`,`test_id`,`question_type`,`paragraph_text`,`question_text`,`optionA`,`optionB`,`optionC`,`optionD`,`correct_option`,`explanation`,`active`) VALUES ('1',95462,'Paragraph','<p>Paragraph</p>\n','<p>Question</p>\n','<p>a</p>\n','<p>b</p>\n','<p>c</p>\n','<p>d</p>\n','c','<p>None</p>\n','true');
INSERT INTO `questions` (`id`,`test_id`,`question_type`,`paragraph_text`,`question_text`,`optionA`,`optionB`,`optionC`,`optionD`,`correct_option`,`explanation`,`active`) VALUES ('1',95511,'Simple','','<p>h</p>\n','<p>h</p>\n','<p>h</p>\n','<p>h</p>\n','<p>h</p>\n','<p>h</p>\n','<p>hh</p>\n','false');
INSERT INTO `questions` (`id`,`test_id`,`question_type`,`paragraph_text`,`question_text`,`optionA`,`optionB`,`optionC`,`optionD`,`correct_option`,`explanation`,`active`) VALUES ('1',95984,'Paragraph','changed logic\n','changed logic','a','b','<p>c</p>\n','<p>d</p>\n','<p>correct</p>\n','<p>explanation</p>\n','true');
INSERT INTO `questions` (`id`,`test_id`,`question_type`,`paragraph_text`,`question_text`,`optionA`,`optionB`,`optionC`,`optionD`,`correct_option`,`explanation`,`active`) VALUES ('1',96859,'Simple','','<p>u</p>\n','<p>u</p>\n','<p>u</p>\n','<p>u</p>\n','<p>u</p>\n','<p>u</p>\n','<p>u</p>\n','true');
INSERT INTO `questions` (`id`,`test_id`,`question_type`,`paragraph_text`,`question_text`,`optionA`,`optionB`,`optionC`,`optionD`,`correct_option`,`explanation`,`active`) VALUES ('1',98083,'Simple','','<p>r</p>\n','<p>r</p>\n','<p>r</p>\n','<p>r</p>\n','<p>r</p>\n','<p>r</p>\n','<p>r</p>\n','true');
INSERT INTO `questions` (`id`,`test_id`,`question_type`,`paragraph_text`,`question_text`,`optionA`,`optionB`,`optionC`,`optionD`,`correct_option`,`explanation`,`active`) VALUES ('1',99148,'Simple','<p>Sample Paragraph</p>\n','<p>Sample text&nbsp;Sample text&nbsp;Sample text&nbsp;Sample text&nbsp;Sample text&nbsp;Sample text&nbsp;Sample text&nbsp;Sample text&nbsp;Sample text&nbsp;Sample text&nbsp;Sample text&nbsp;Sample text&nbsp;Sample text&nbsp;Sample text&nbsp;Sample text&nbsp;Sample text</p>\n','<p>a</p>\n','<p>b</p>\n','<p>c</p>\n','<p>d</p>\n','<p>a</p>\n','<p>required</p>\n','true');
INSERT INTO `questions` (`id`,`test_id`,`question_type`,`paragraph_text`,`question_text`,`optionA`,`optionB`,`optionC`,`optionD`,`correct_option`,`explanation`,`active`) VALUES ('11',618,'Simple','Sample Paragraph Text','Simple Question Text','A','B','C','D','A','Sample explanation','true');
INSERT INTO `questions` (`id`,`test_id`,`question_type`,`paragraph_text`,`question_text`,`optionA`,`optionB`,`optionC`,`optionD`,`correct_option`,`explanation`,`active`) VALUES ('1zvSn',14601,'Paragraph','<p>test paragraph&nbsp;test paragraph&nbsp;test paragraph&nbsp;test paragraph&nbsp;test paragraph&nbsp;test paragraph&nbsp;test paragraph&nbsp;test paragraph&nbsp;test paragraph&nbsp;test paragraph&nbsp;test paragraph&nbsp;test paragraph&nbsp;test paragraph&nbsp;test paragraph</p>\n','<p>test question&nbsp;test question&nbsp;test question&nbsp;test question&nbsp;test question&nbsp;test question&nbsp;test question&nbsp;test question&nbsp;test question&nbsp;test question&nbsp;test question&nbsp;test question&nbsp;test question&nbsp;test question&nbsp;test question&nbsp;test question&nbsp;test question&nbsp;test question&nbsp;test question&nbsp;test question&nbsp;test question</p>\n','<p>a</p>\n','<p>b</p>\n','<p>c</p>\n','<p>d</p>\n','b','<p>None</p>\n','false');
INSERT INTO `questions` (`id`,`test_id`,`question_type`,`paragraph_text`,`question_text`,`optionA`,`optionB`,`optionC`,`optionD`,`correct_option`,`explanation`,`active`) VALUES ('1zvSn',33999,'Paragraph','<p>test paragraph&nbsp;test paragraph&nbsp;test paragraph&nbsp;test paragraph&nbsp;test paragraph&nbsp;test paragraph&nbsp;test paragraph&nbsp;test paragraph&nbsp;test paragraph&nbsp;test paragraph&nbsp;test paragraph&nbsp;test paragraph&nbsp;test paragraph&nbsp;test paragraph</p>\n','<p>test question&nbsp;test question&nbsp;test question&nbsp;test question&nbsp;test question&nbsp;test question&nbsp;test question&nbsp;test question&nbsp;test question&nbsp;test question&nbsp;test question&nbsp;test question&nbsp;test question&nbsp;test question&nbsp;test question&nbsp;test question&nbsp;test question&nbsp;test question&nbsp;test question&nbsp;test question&nbsp;test question</p>\n','<p>a</p>\n','<p>b</p>\n','<p>c</p>\n','<p>d</p>\n','b','<p>None</p>\n','true');
INSERT INTO `questions` (`id`,`test_id`,`question_type`,`paragraph_text`,`question_text`,`optionA`,`optionB`,`optionC`,`optionD`,`correct_option`,`explanation`,`active`) VALUES ('1zvSn',47747,'Paragraph','<p>test paragraph&nbsp;test paragraph&nbsp;test paragraph&nbsp;test paragraph&nbsp;test paragraph&nbsp;test paragraph&nbsp;test paragraph&nbsp;test paragraph&nbsp;test paragraph&nbsp;test paragraph&nbsp;test paragraph&nbsp;test paragraph&nbsp;test paragraph&nbsp;test paragraph</p>\n','<p>test question&nbsp;test question&nbsp;test question&nbsp;test question&nbsp;test question&nbsp;test question&nbsp;test question&nbsp;test question&nbsp;test question&nbsp;test question&nbsp;test question&nbsp;test question&nbsp;test question&nbsp;test question&nbsp;test question&nbsp;test question&nbsp;test question&nbsp;test question&nbsp;test question&nbsp;test question&nbsp;test question</p>\n','<p>a</p>\n','<p>b</p>\n','<p>c</p>\n','<p>d</p>\n','b','<p>None</p>\n','false');
INSERT INTO `questions` (`id`,`test_id`,`question_type`,`paragraph_text`,`question_text`,`optionA`,`optionB`,`optionC`,`optionD`,`correct_option`,`explanation`,`active`) VALUES ('1zvSn',54462,'Paragraph','<p>test paragraph&nbsp;test paragraph&nbsp;test paragraph&nbsp;test paragraph&nbsp;test paragraph&nbsp;test paragraph&nbsp;test paragraph&nbsp;test paragraph&nbsp;test paragraph&nbsp;test paragraph&nbsp;test paragraph&nbsp;test paragraph&nbsp;test paragraph&nbsp;test paragraph</p>\n','<p>test question&nbsp;test question&nbsp;test question&nbsp;test question&nbsp;test question&nbsp;test question&nbsp;test question&nbsp;test question&nbsp;test question&nbsp;test question&nbsp;test question&nbsp;test question&nbsp;test question&nbsp;test question&nbsp;test question&nbsp;test question&nbsp;test question&nbsp;test question&nbsp;test question&nbsp;test question&nbsp;test question</p>\n','<p>a</p>\n','<p>b</p>\n','<p>c</p>\n','<p>d</p>\n','b','<p>None</p>\n','false');
INSERT INTO `questions` (`id`,`test_id`,`question_type`,`paragraph_text`,`question_text`,`optionA`,`optionB`,`optionC`,`optionD`,`correct_option`,`explanation`,`active`) VALUES ('1zvSn',64938,'Paragraph','<p>test paragraph&nbsp;test paragraph&nbsp;test paragraph&nbsp;test paragraph&nbsp;test paragraph&nbsp;test paragraph&nbsp;test paragraph&nbsp;test paragraph&nbsp;test paragraph&nbsp;test paragraph&nbsp;test paragraph&nbsp;test paragraph&nbsp;test paragraph&nbsp;test paragraph</p>\n','<p>test question&nbsp;test question&nbsp;test question&nbsp;test question&nbsp;test question&nbsp;test question&nbsp;test question&nbsp;test question&nbsp;test question&nbsp;test question&nbsp;test question&nbsp;test question&nbsp;test question&nbsp;test question&nbsp;test question&nbsp;test question&nbsp;test question&nbsp;test question&nbsp;test question&nbsp;test question&nbsp;test question</p>\n','<p>a</p>\n','<p>b</p>\n','<p>c</p>\n','<p>d</p>\n','b','<p>None</p>\n','false');
INSERT INTO `questions` (`id`,`test_id`,`question_type`,`paragraph_text`,`question_text`,`optionA`,`optionB`,`optionC`,`optionD`,`correct_option`,`explanation`,`active`) VALUES ('1zvSn',70696,'Paragraph','<p>test paragraph&nbsp;test paragraph&nbsp;test paragraph&nbsp;test paragraph&nbsp;test paragraph&nbsp;test paragraph&nbsp;test paragraph&nbsp;test paragraph&nbsp;test paragraph&nbsp;test paragraph&nbsp;test paragraph&nbsp;test paragraph&nbsp;test paragraph&nbsp;test paragraph</p>\n','<p>test question&nbsp;test question&nbsp;test question&nbsp;test question&nbsp;test question&nbsp;test question&nbsp;test question&nbsp;test question&nbsp;test question&nbsp;test question&nbsp;test question&nbsp;test question&nbsp;test question&nbsp;test question&nbsp;test question&nbsp;test question&nbsp;test question&nbsp;test question&nbsp;test question&nbsp;test question&nbsp;test question</p>\n','<p>a</p>\n','<p>b</p>\n','<p>c</p>\n','<p>d</p>\n','b','<p>None</p>\n','true');
INSERT INTO `questions` (`id`,`test_id`,`question_type`,`paragraph_text`,`question_text`,`optionA`,`optionB`,`optionC`,`optionD`,`correct_option`,`explanation`,`active`) VALUES ('1zvSn',73302,'Paragraph','<p>test paragraph&nbsp;test paragraph&nbsp;test paragraph&nbsp;test paragraph&nbsp;test paragraph&nbsp;test paragraph&nbsp;test paragraph&nbsp;test paragraph&nbsp;test paragraph&nbsp;test paragraph&nbsp;test paragraph&nbsp;test paragraph&nbsp;test paragraph&nbsp;test paragraph</p>\n','<p>test question&nbsp;test question&nbsp;test question&nbsp;test question&nbsp;test question&nbsp;test question&nbsp;test question&nbsp;test question&nbsp;test question&nbsp;test question&nbsp;test question&nbsp;test question&nbsp;test question&nbsp;test question&nbsp;test question&nbsp;test question&nbsp;test question&nbsp;test question&nbsp;test question&nbsp;test question&nbsp;test question</p>\n','<p>a</p>\n','<p>b</p>\n','<p>c</p>\n','<p>d</p>\n','b','<p>None</p>\n','true');
INSERT INTO `questions` (`id`,`test_id`,`question_type`,`paragraph_text`,`question_text`,`optionA`,`optionB`,`optionC`,`optionD`,`correct_option`,`explanation`,`active`) VALUES ('1zvSn',75844,'Simple','','<p>test question&nbsp;test question&nbsp;test question&nbsp;test question&nbsp;test question&nbsp;test question&nbsp;test question&nbsp;test question&nbsp;test question&nbsp;test question&nbsp;test question&nbsp;test question&nbsp;test question&nbsp;test question&nbsp;test question&nbsp;test question&nbsp;test question&nbsp;test question&nbsp;test question&nbsp;test question&nbsp;test question</p>\n','<p>a</p>\n','<p>b</p>\n','<p>c</p>\n','<p>d</p>\n','b','<p>None</p>\n','true');
INSERT INTO `questions` (`id`,`test_id`,`question_type`,`paragraph_text`,`question_text`,`optionA`,`optionB`,`optionC`,`optionD`,`correct_option`,`explanation`,`active`) VALUES ('1zvSn',82940,'Paragraph','<p>test paragraph&nbsp;test paragraph&nbsp;test paragraph&nbsp;test paragraph&nbsp;test paragraph&nbsp;test paragraph&nbsp;test paragraph&nbsp;test paragraph&nbsp;test paragraph&nbsp;test paragraph&nbsp;test paragraph&nbsp;test paragraph&nbsp;test paragraph&nbsp;test paragraph</p>\n','<p>test question&nbsp;test question&nbsp;test question&nbsp;test question&nbsp;test question&nbsp;test question&nbsp;test question&nbsp;test question&nbsp;test question&nbsp;test question&nbsp;test question&nbsp;test question&nbsp;test question&nbsp;test question&nbsp;test question&nbsp;test question&nbsp;test question&nbsp;test question&nbsp;test question&nbsp;test question&nbsp;test question</p>\n','<p>a</p>\n','<p>b</p>\n','<p>c</p>\n','<p>d</p>\n','b','<p>None</p>\n','false');
INSERT INTO `questions` (`id`,`test_id`,`question_type`,`paragraph_text`,`question_text`,`optionA`,`optionB`,`optionC`,`optionD`,`correct_option`,`explanation`,`active`) VALUES ('1zvSn',99129,'Paragraph','<p>test paragraph&nbsp;test paragraph&nbsp;test paragraph&nbsp;test paragraph&nbsp;test paragraph&nbsp;test paragraph&nbsp;test paragraph&nbsp;test paragraph&nbsp;test paragraph&nbsp;test paragraph&nbsp;test paragraph&nbsp;test paragraph&nbsp;test paragraph&nbsp;test paragraph</p>\n','<p>test question&nbsp;test question&nbsp;test question&nbsp;test question&nbsp;test question&nbsp;test question&nbsp;test question&nbsp;test question&nbsp;test question&nbsp;test question&nbsp;test question&nbsp;test question&nbsp;test question&nbsp;test question&nbsp;test question&nbsp;test question&nbsp;test question&nbsp;test question&nbsp;test question&nbsp;test question&nbsp;test question</p>\n','<p>a</p>\n','<p>b</p>\n','<p>c</p>\n','<p>d</p>\n','b','<p>None</p>\n','false');
INSERT INTO `questions` (`id`,`test_id`,`question_type`,`paragraph_text`,`question_text`,`optionA`,`optionB`,`optionC`,`optionD`,`correct_option`,`explanation`,`active`) VALUES ('2',5,'Simple1','','Sample question text','A','B','C','null','B','explanation','true');
INSERT INTO `questions` (`id`,`test_id`,`question_type`,`paragraph_text`,`question_text`,`optionA`,`optionB`,`optionC`,`optionD`,`correct_option`,`explanation`,`active`) VALUES ('2',863,'Simple','Sample Paragraph Text','Simple Question Text','A','B','C','D','A','Sample explanation','true');
INSERT INTO `questions` (`id`,`test_id`,`question_type`,`paragraph_text`,`question_text`,`optionA`,`optionB`,`optionC`,`optionD`,`correct_option`,`explanation`,`active`) VALUES ('2',5525,'Paragraph','<p>test</p>\n','<p>testa</p>\n','<p>v</p>\n','<p>v</p>\n','<p>v</p>\n','<p>v</p>\n','<p>v</p>\n','<p>v</p>\n','true');
INSERT INTO `questions` (`id`,`test_id`,`question_type`,`paragraph_text`,`question_text`,`optionA`,`optionB`,`optionC`,`optionD`,`correct_option`,`explanation`,`active`) VALUES ('2',19862,'Simple','','<p>2</p>\n','<p>2</p>\n','<p>2</p>\n','<p>2</p>\n','<p>2</p>\n','<p>2</p>\n','<p>2</p>\n','true');
INSERT INTO `questions` (`id`,`test_id`,`question_type`,`paragraph_text`,`question_text`,`optionA`,`optionB`,`optionC`,`optionD`,`correct_option`,`explanation`,`active`) VALUES ('2',27672,'simple','<p>Sample Paragraph</p>\n','30','<p>Sample OptionA1</p>\n','<p>Sample OptionB1</p>\n','<p>Sample OptionC1</p>\n','<p>Sample OptionD1</p>\n','<p>Sample Correct Option1</p>\n','<p>Sample Explanation1</p>\n','true');
INSERT INTO `questions` (`id`,`test_id`,`question_type`,`paragraph_text`,`question_text`,`optionA`,`optionB`,`optionC`,`optionD`,`correct_option`,`explanation`,`active`) VALUES ('2',28741,'Simple','','<p>2</p>\n','<p>2</p>\n','<p>2</p>\n','<p>2</p>\n','<p>2</p>\n','<p>2</p>\n','<p>2</p>\n','false');
INSERT INTO `questions` (`id`,`test_id`,`question_type`,`paragraph_text`,`question_text`,`optionA`,`optionB`,`optionC`,`optionD`,`correct_option`,`explanation`,`active`) VALUES ('2',33999,'Paragraph','<p>new</p>\n','<p>new</p>\n','','<p>a</p>\n','','<p>d</p>\n','d','<p>c</p>\n','true');
INSERT INTO `questions` (`id`,`test_id`,`question_type`,`paragraph_text`,`question_text`,`optionA`,`optionB`,`optionC`,`optionD`,`correct_option`,`explanation`,`active`) VALUES ('2',38325,'Simple','','<p>2</p>\n','<p>2</p>\n','<p>2</p>\n','<p>2</p>\n','<p>2</p>\n','<p>2</p>\n','<p>2</p>\n','true');
INSERT INTO `questions` (`id`,`test_id`,`question_type`,`paragraph_text`,`question_text`,`optionA`,`optionB`,`optionC`,`optionD`,`correct_option`,`explanation`,`active`) VALUES ('2',43626,'Paragraph','<p>test 2</p>\n','<p>a</p>\n','<p>b</p>\n','<p>c</p>\n','<p>d</p>\n','<p>c</p>\n','<p>c</p>\n','<p>ex</p>\n','true');
INSERT INTO `questions` (`id`,`test_id`,`question_type`,`paragraph_text`,`question_text`,`optionA`,`optionB`,`optionC`,`optionD`,`correct_option`,`explanation`,`active`) VALUES ('2',48136,'Paragraph','<p>a</p>\n','<p>a</p>\n','<p>a</p>\n','<p>a</p>\n','<p>a</p>\n','<p>a</p>\n','<p>a</p>\n','<p>a</p>\n','true');
INSERT INTO `questions` (`id`,`test_id`,`question_type`,`paragraph_text`,`question_text`,`optionA`,`optionB`,`optionC`,`optionD`,`correct_option`,`explanation`,`active`) VALUES ('2',52815,'Simple','','<p>2</p>\n','<p>2</p>\n','<p>2</p>\n','<p>2</p>\n','<p>2</p>\n','<p>2</p>\n','<p>2</p>\n','false');
INSERT INTO `questions` (`id`,`test_id`,`question_type`,`paragraph_text`,`question_text`,`optionA`,`optionB`,`optionC`,`optionD`,`correct_option`,`explanation`,`active`) VALUES ('2',56169,'Simple','','<p>y</p>\n','<p>y</p>\n','<p>y</p>\n','<p>y</p>\n','<p>y</p>\n','<p>y</p>\n','<p>y</p>\n','true');
INSERT INTO `questions` (`id`,`test_id`,`question_type`,`paragraph_text`,`question_text`,`optionA`,`optionB`,`optionC`,`optionD`,`correct_option`,`explanation`,`active`) VALUES ('2',58162,'simple','','<p>t</p>\n','<p>yt</p>\n','<p>r</p>\n','<p>r</p>\n','<p>df</p>\n','<p>d</p>\n','<p>dfdf</p>\n','true');
INSERT INTO `questions` (`id`,`test_id`,`question_type`,`paragraph_text`,`question_text`,`optionA`,`optionB`,`optionC`,`optionD`,`correct_option`,`explanation`,`active`) VALUES ('2',61490,'Simple','','<p>question-2 updated</p>\n','<p>a</p>\n','<p>b</p>\n','<p>c</p>\n','<p>d</p>\n','<p>null</p>\n','<p>null</p>\n','true');
INSERT INTO `questions` (`id`,`test_id`,`question_type`,`paragraph_text`,`question_text`,`optionA`,`optionB`,`optionC`,`optionD`,`correct_option`,`explanation`,`active`) VALUES ('2',69763,'Simple','','<p>y</p>\n','<p>y</p>\n','<p>y</p>\n','<p>y</p>\n','<p>y</p>\n','<p>y</p>\n','<p>y</p>\n','true');
INSERT INTO `questions` (`id`,`test_id`,`question_type`,`paragraph_text`,`question_text`,`optionA`,`optionB`,`optionC`,`optionD`,`correct_option`,`explanation`,`active`) VALUES ('2',73302,'Paragraph','<p>p</p>\n','<p>p</p>\n','<p>a</p>\n','','<p>b</p>\n','<p>c</p>\n','d','<p>e</p>\n','true');
INSERT INTO `questions` (`id`,`test_id`,`question_type`,`paragraph_text`,`question_text`,`optionA`,`optionB`,`optionC`,`optionD`,`correct_option`,`explanation`,`active`) VALUES ('2',82190,'Paragraph','<p>t</p>\n','<p>t</p>\n','<p>t</p>\n','<p>t</p>\n','<p>t</p>\n','<p>t</p>\n','<p>t</p>\n','<p>t</p>\n','true');
INSERT INTO `questions` (`id`,`test_id`,`question_type`,`paragraph_text`,`question_text`,`optionA`,`optionB`,`optionC`,`optionD`,`correct_option`,`explanation`,`active`) VALUES ('2',83643,'Simple','','<p>2</p>\n','<p>2</p>\n','<p>2</p>\n','<p>2</p>\n','<p>2</p>\n','<p>2</p>\n','<p>2</p>\n','true');
INSERT INTO `questions` (`id`,`test_id`,`question_type`,`paragraph_text`,`question_text`,`optionA`,`optionB`,`optionC`,`optionD`,`correct_option`,`explanation`,`active`) VALUES ('2',85837,'Simple','','<p>new</p>\n','<p>n</p>\n','<p>n</p>\n','<p>n</p>\n','<p>n</p>\n','<p>n</p>\n','<p>n</p>\n','true');
INSERT INTO `questions` (`id`,`test_id`,`question_type`,`paragraph_text`,`question_text`,`optionA`,`optionB`,`optionC`,`optionD`,`correct_option`,`explanation`,`active`) VALUES ('2',87900,'Simple','','<p>2</p>\n','<p>2</p>\n','<p>2</p>\n','<p>2</p>\n','<p>2</p>\n','d','<p>2</p>\n','true');
INSERT INTO `questions` (`id`,`test_id`,`question_type`,`paragraph_text`,`question_text`,`optionA`,`optionB`,`optionC`,`optionD`,`correct_option`,`explanation`,`active`) VALUES ('2',91601,'Simple','','<p>2</p>\n','<p>2</p>\n','<p>2</p>\n','<p>2</p>\n','<p>2</p>\n','<p>2</p>\n','<p>2</p>\n','true');
INSERT INTO `questions` (`id`,`test_id`,`question_type`,`paragraph_text`,`question_text`,`optionA`,`optionB`,`optionC`,`optionD`,`correct_option`,`explanation`,`active`) VALUES ('2',95511,'Simple','','<p>j</p>\n','<p>j</p>\n','<p>j</p>\n','<p>j</p>\n','<p>j</p>\n','<p>j</p>\n','<p>j</p>\n','true');
INSERT INTO `questions` (`id`,`test_id`,`question_type`,`paragraph_text`,`question_text`,`optionA`,`optionB`,`optionC`,`optionD`,`correct_option`,`explanation`,`active`) VALUES ('2',96859,'Simple','','<p>k</p>\n','<p>k</p>\n','<p>k</p>\n','<p>k</p>\n','<p>k</p>\n','<p>k</p>\n','<p>k</p>\n','true');
INSERT INTO `questions` (`id`,`test_id`,`question_type`,`paragraph_text`,`question_text`,`optionA`,`optionB`,`optionC`,`optionD`,`correct_option`,`explanation`,`active`) VALUES ('2',98083,'Simple','','<p>y</p>\n','<p>y</p>\n','<p>y</p>\n','<p>y</p>\n','<p>y</p>\n','<p>y</p>\n','<p>y</p>\n','true');
INSERT INTO `questions` (`id`,`test_id`,`question_type`,`paragraph_text`,`question_text`,`optionA`,`optionB`,`optionC`,`optionD`,`correct_option`,`explanation`,`active`) VALUES ('3',5,'Simple2','null','Sample question text','A','B','C','D','A','explanation','true');
INSERT INTO `questions` (`id`,`test_id`,`question_type`,`paragraph_text`,`question_text`,`optionA`,`optionB`,`optionC`,`optionD`,`correct_option`,`explanation`,`active`) VALUES ('3',19862,'Simple','','<p>3</p>\n','<p>3</p>\n','<p>3</p>\n','<p>3</p>\n','<p>3</p>\n','<p>3</p>\n','<p>3</p>\n','true');
INSERT INTO `questions` (`id`,`test_id`,`question_type`,`paragraph_text`,`question_text`,`optionA`,`optionB`,`optionC`,`optionD`,`correct_option`,`explanation`,`active`) VALUES ('3',27672,'paragraph','<p>fds</p>\n','<p>edfgh</p>\n','<p>rty</p>\n','<p>eet</p>\n','<p>tet</p>\n','<p>eytqtry</p>\n','<p>yr1</p>\n','<p>r</p>\n','true');
INSERT INTO `questions` (`id`,`test_id`,`question_type`,`paragraph_text`,`question_text`,`optionA`,`optionB`,`optionC`,`optionD`,`correct_option`,`explanation`,`active`) VALUES ('3',28741,'Simple','','<p>3</p>\n','<p>3</p>\n','<p>3</p>\n','<p>3</p>\n','<p>3</p>\n','<p>3</p>\n','<p>3</p>\n','false');
INSERT INTO `questions` (`id`,`test_id`,`question_type`,`paragraph_text`,`question_text`,`optionA`,`optionB`,`optionC`,`optionD`,`correct_option`,`explanation`,`active`) VALUES ('3',38797,'Simple','','<p>&nbsp;Test Question&nbsp;Test Question&nbsp;Test Ques Test Question&nbsp;Test Question&nbsp;Test Question&nbsp;Test Question&nbsp;Test Question&nbsp;Test Question Test Question&nbsp;Test Question&nbsp;Test Question&nbsp;Test Question&nbsp;Test Question&nbsp;Test Question Test Question&nbsp;Test Question&nbsp;Test Question&nbsp;Test Question&nbsp;Test Question&nbsp;Test Question Test Question&nbsp;Test Question&nbsp;Test Question&nbsp;Test Question&nbsp;Test Question&nbsp;Test Question Test Question&nbsp;Test Question&nbsp;Test Question&nbsp;Test Question&nbsp;Test Question&nbsp;Test Questiontion&nbsp;Test Question&nbsp;Test Question&nbsp;Test Question</p>\n','<p>option a</p>\n','<p>option b</p>\n','<p>option c</p>\n','<p>option d</p>\n','<p>a</p>\n','<p>None</p>\n','false');
INSERT INTO `questions` (`id`,`test_id`,`question_type`,`paragraph_text`,`question_text`,`optionA`,`optionB`,`optionC`,`optionD`,`correct_option`,`explanation`,`active`) VALUES ('3',56169,'Simple','','<p>u</p>\n','<p>u</p>\n','<p>u</p>\n','<p>u</p>\n','<p>u</p>\n','<p>u</p>\n','<p>u</p>\n','false');
INSERT INTO `questions` (`id`,`test_id`,`question_type`,`paragraph_text`,`question_text`,`optionA`,`optionB`,`optionC`,`optionD`,`correct_option`,`explanation`,`active`) VALUES ('3',60888,'Simple','','<p>&nbsp;Test Question&nbsp;Test Question&nbsp;Test Ques Test Question&nbsp;Test Question&nbsp;Test Question&nbsp;Test Question&nbsp;Test Question&nbsp;Test Question Test Question&nbsp;Test Question&nbsp;Test Question&nbsp;Test Question&nbsp;Test Question&nbsp;Test Question Test Question&nbsp;Test Question&nbsp;Test Question&nbsp;Test Question&nbsp;Test Question&nbsp;Test Question Test Question&nbsp;Test Question&nbsp;Test Question&nbsp;Test Question&nbsp;Test Question&nbsp;Test Question Test Question&nbsp;Test Question&nbsp;Test Question&nbsp;Test Question&nbsp;Test Question&nbsp;Test Questiontion&nbsp;Test Question&nbsp;Test Question&nbsp;Test Question</p>\n','<p>option a</p>\n','<p>option b</p>\n','<p>option c</p>\n','<p>option d</p>\n','<p>a</p>\n','<p>None</p>\n','true');
INSERT INTO `questions` (`id`,`test_id`,`question_type`,`paragraph_text`,`question_text`,`optionA`,`optionB`,`optionC`,`optionD`,`correct_option`,`explanation`,`active`) VALUES ('3',73302,'Paragraph','<p>p</p>\n','<p>p</p>\n','<p>a</p>\n','<p>b</p>\n','<p>c</p>\n','<p>d</p>\n','a','<p>e</p>\n','true');
INSERT INTO `questions` (`id`,`test_id`,`question_type`,`paragraph_text`,`question_text`,`optionA`,`optionB`,`optionC`,`optionD`,`correct_option`,`explanation`,`active`) VALUES ('3',73863,'Simple','','<p>&nbsp;Test Question&nbsp;Test Question&nbsp;Test Ques Test Question&nbsp;Test Question&nbsp;Test Question&nbsp;Test Question&nbsp;Test Question&nbsp;Test Question Test Question&nbsp;Test Question&nbsp;Test Question&nbsp;Test Question&nbsp;Test Question&nbsp;Test Question Test Question&nbsp;Test Question&nbsp;Test Question&nbsp;Test Question&nbsp;Test Question&nbsp;Test Question Test Question&nbsp;Test Question&nbsp;Test Question&nbsp;Test Question&nbsp;Test Question&nbsp;Test Question Test Question&nbsp;Test Question&nbsp;Test Question&nbsp;Test Question&nbsp;Test Question&nbsp;Test Questiontion&nbsp;Test Question&nbsp;Test Question&nbsp;Test Question</p>\n','<p>option a</p>\n','<p>option b</p>\n','<p>option c</p>\n','<p>option d</p>\n','<p>a</p>\n','<p>None</p>\n','true');
INSERT INTO `questions` (`id`,`test_id`,`question_type`,`paragraph_text`,`question_text`,`optionA`,`optionB`,`optionC`,`optionD`,`correct_option`,`explanation`,`active`) VALUES ('3',83643,'Simple','','<p>3</p>\n','<p>3</p>\n','<p>3</p>\n','<p>3</p>\n','<p>3</p>\n','<p>3</p>\n','<p>3</p>\n','true');
INSERT INTO `questions` (`id`,`test_id`,`question_type`,`paragraph_text`,`question_text`,`optionA`,`optionB`,`optionC`,`optionD`,`correct_option`,`explanation`,`active`) VALUES ('3',87900,'Simple','','','','<p>3</p>\n','<p>3</p>\n','<p>3</p>\n','c','<p>3</p>\n','true');
INSERT INTO `questions` (`id`,`test_id`,`question_type`,`paragraph_text`,`question_text`,`optionA`,`optionB`,`optionC`,`optionD`,`correct_option`,`explanation`,`active`) VALUES ('3',91601,'Simple','','<p>3</p>\n','<p>3</p>\n','<p>3</p>\n','<p>3</p>\n','<p>3</p>\n','<p>3</p>\n','<p>3</p>\n','true');
INSERT INTO `questions` (`id`,`test_id`,`question_type`,`paragraph_text`,`question_text`,`optionA`,`optionB`,`optionC`,`optionD`,`correct_option`,`explanation`,`active`) VALUES ('4',23210,'simple','','<p><img alt=\"Test\" src=\"https://upload.wikimedia.org/wikipedia/en/thumb/4/41/Flag_of_India.svg/1200px-Flag_of_India.svg.png\" style=\"height:800px; width:1200px\" /></p>\n','g\n','<p>q</p>\n','<p>q</p>\n','<p>q</p>\n','<p>q</p>\n','<p>q</p>\n','true');
INSERT INTO `questions` (`id`,`test_id`,`question_type`,`paragraph_text`,`question_text`,`optionA`,`optionB`,`optionC`,`optionD`,`correct_option`,`explanation`,`active`) VALUES ('4',27672,'0','','<p>gh</p>\n','<p>ghg</p>\n','','','','','','true');
INSERT INTO `questions` (`id`,`test_id`,`question_type`,`paragraph_text`,`question_text`,`optionA`,`optionB`,`optionC`,`optionD`,`correct_option`,`explanation`,`active`) VALUES ('4',28741,'Simple','','<p>4</p>\n','<p>4</p>\n','<p>4</p>\n','<p>4</p>\n','<p>4</p>\n','<p>4</p>\n','<p>4</p>\n','true');
INSERT INTO `questions` (`id`,`test_id`,`question_type`,`paragraph_text`,`question_text`,`optionA`,`optionB`,`optionC`,`optionD`,`correct_option`,`explanation`,`active`) VALUES ('4',56169,'Simple','','<p>p</p>\n','<p>p</p>\n','<p>p</p>\n','<p>p</p>\n','<p>p</p>\n','<p>p</p>\n','<p>p</p>\n','true');
INSERT INTO `questions` (`id`,`test_id`,`question_type`,`paragraph_text`,`question_text`,`optionA`,`optionB`,`optionC`,`optionD`,`correct_option`,`explanation`,`active`) VALUES ('4',73302,'Paragraph','<p>p</p>\n','<p>p</p>\n','<p>a</p>\n','<p>b</p>\n','<p>c</p>\n','<p>d</p>\n','d','<p>e</p>\n','true');
INSERT INTO `questions` (`id`,`test_id`,`question_type`,`paragraph_text`,`question_text`,`optionA`,`optionB`,`optionC`,`optionD`,`correct_option`,`explanation`,`active`) VALUES ('4',87900,'Simple','','<p>4</p>\n','<p>4</p>\n','<p>4</p>\n','<p>4</p>\n','<p>4</p>\n','a','<p>4</p>\n','true');
INSERT INTO `questions` (`id`,`test_id`,`question_type`,`paragraph_text`,`question_text`,`optionA`,`optionB`,`optionC`,`optionD`,`correct_option`,`explanation`,`active`) VALUES ('5',5525,'Simple','','<p>Who is babar?</p>\n','<p>Father of Humayu</p>\n','<p>Son of Akbar</p>\n','<p>Grandfather of Jahangir</p>\n','<p>Son of Humayu</p>\n','<p>A</p>\n','<p>Ollllaaaahhhhh</p>\n','false');
INSERT INTO `questions` (`id`,`test_id`,`question_type`,`paragraph_text`,`question_text`,`optionA`,`optionB`,`optionC`,`optionD`,`correct_option`,`explanation`,`active`) VALUES ('5',28741,'Simple','','<p>5</p>\n','<p>5</p>\n','<p>5</p>\n','<p>5</p>\n','<p>5</p>\n','<p>5</p>\n','<p>5</p>\n','true');
INSERT INTO `questions` (`id`,`test_id`,`question_type`,`paragraph_text`,`question_text`,`optionA`,`optionB`,`optionC`,`optionD`,`correct_option`,`explanation`,`active`) VALUES ('5',38797,'Simple','','<p>Who is babar?</p>\n','<p>Father of Humayu</p>\n','<p>Son of Akbar</p>\n','<p>Grandfather of Jahangir</p>\n','<p>Son of Humayu</p>\n','<p>A</p>\n','<p>Ollllaaaahhhhh</p>\n','true');
INSERT INTO `questions` (`id`,`test_id`,`question_type`,`paragraph_text`,`question_text`,`optionA`,`optionB`,`optionC`,`optionD`,`correct_option`,`explanation`,`active`) VALUES ('5',64755,'Paragraph','<p>Yes it is</p>\n','<p>Who is babar?</p>\n','<p>Father of Humayu</p>\n','<p>Son of Akbar</p>\n','<p>Grandfather of Jahangir</p>\n','<p>Son of Humayu</p>\n','<p>null</p>\n','<p>null</p>\n','true');
INSERT INTO `questions` (`id`,`test_id`,`question_type`,`paragraph_text`,`question_text`,`optionA`,`optionB`,`optionC`,`optionD`,`correct_option`,`explanation`,`active`) VALUES ('5',73302,'Paragraph','<p>t</p>\n','<p>t</p>\n','<p>a</p>\n','<p>b</p>\n','<p>c</p>\n','<p>d</p>\n','c','<p>e</p>\n','true');
INSERT INTO `questions` (`id`,`test_id`,`question_type`,`paragraph_text`,`question_text`,`optionA`,`optionB`,`optionC`,`optionD`,`correct_option`,`explanation`,`active`) VALUES ('5',74568,'Simple','','<p>Who is babar?</p>\n','<p>Father of Humayu</p>\n','<p>Son of Akbar</p>\n','<p>Grandfather of Jahangir</p>\n','<p>Son of Humayu</p>\n','<p>A</p>\n','<p>Ollllaaaahhhhh</p>\n','true');
INSERT INTO `questions` (`id`,`test_id`,`question_type`,`paragraph_text`,`question_text`,`optionA`,`optionB`,`optionC`,`optionD`,`correct_option`,`explanation`,`active`) VALUES ('6',28741,'Simple','','<p>6</p>\n','<p>6</p>\n','<p>6</p>\n','<p>6</p>\n','<p>6</p>\n','<p>6</p>\n','<p>6</p>\n','true');
INSERT INTO `questions` (`id`,`test_id`,`question_type`,`paragraph_text`,`question_text`,`optionA`,`optionB`,`optionC`,`optionD`,`correct_option`,`explanation`,`active`) VALUES ('6',73302,'Paragraph','<p>t</p>\n','<p>t</p>\n','<p>a</p>\n','<p>b</p>\n','<p>d</p>\n','<p>d</p>\n','d','<p>e</p>\n','true');
INSERT INTO `questions` (`id`,`test_id`,`question_type`,`paragraph_text`,`question_text`,`optionA`,`optionB`,`optionC`,`optionD`,`correct_option`,`explanation`,`active`) VALUES ('6',78446,'Paragraph','<p>test</p>\n','<p>test question</p>\n','<p>t</p>\n','<p>t</p>\n','<p>t</p>\n','<p>t</p>\n','a','<p>t</p>\n','true');
INSERT INTO `questions` (`id`,`test_id`,`question_type`,`paragraph_text`,`question_text`,`optionA`,`optionB`,`optionC`,`optionD`,`correct_option`,`explanation`,`active`) VALUES ('7',73302,'Paragraph','<p>p</p>\n','<p>p</p>\n','<p>ab</p>\n','<p>b</p>\n','<p>b</p>\n','<p>d</p>\n','d','<p>e</p>\n','true');
INSERT INTO `questions` (`id`,`test_id`,`question_type`,`paragraph_text`,`question_text`,`optionA`,`optionB`,`optionC`,`optionD`,`correct_option`,`explanation`,`active`) VALUES ('7',78446,'Paragraph','<p>test</p>\n','<p>test</p>\n','<p>t</p>\n','<p>t</p>\n','<p>t</p>\n','<p>t</p>\n','d','<p>t</p>\n','true');
INSERT INTO `questions` (`id`,`test_id`,`question_type`,`paragraph_text`,`question_text`,`optionA`,`optionB`,`optionC`,`optionD`,`correct_option`,`explanation`,`active`) VALUES ('8',73302,'Paragraph','<p>p</p>\n','<p>p</p>\n','<p>a</p>\n','<p>b</p>\n','<p>c</p>\n','<p>d</p>\n','d','<p>ex</p>\n','true');
INSERT INTO `questions` (`id`,`test_id`,`question_type`,`paragraph_text`,`question_text`,`optionA`,`optionB`,`optionC`,`optionD`,`correct_option`,`explanation`,`active`) VALUES ('EDnBH',11204,'Simple','','<p>test</p>\n','<p>a</p>\n','<p>b</p>\n','<p>c</p>\n','<p>d</p>\n','c','<p>Required</p>\n','true');
INSERT INTO `questions` (`id`,`test_id`,`question_type`,`paragraph_text`,`question_text`,`optionA`,`optionB`,`optionC`,`optionD`,`correct_option`,`explanation`,`active`) VALUES ('EDnBH',14601,'Paragraph','<p>test</p>\n','<p>test</p>\n','<p>a</p>\n','<p>b</p>\n','<p>c</p>\n','<p>d</p>\n','c','<p>None</p>\n','true');
INSERT INTO `questions` (`id`,`test_id`,`question_type`,`paragraph_text`,`question_text`,`optionA`,`optionB`,`optionC`,`optionD`,`correct_option`,`explanation`,`active`) VALUES ('EDnBH',33999,'Simple','','<p>test</p>\n','<p>a</p>\n','<p>b</p>\n','<p>c</p>\n','<p>d</p>\n','c','<p>None</p>\n','true');
INSERT INTO `questions` (`id`,`test_id`,`question_type`,`paragraph_text`,`question_text`,`optionA`,`optionB`,`optionC`,`optionD`,`correct_option`,`explanation`,`active`) VALUES ('EDnBH',47747,'Simple','','<p>test</p>\n','<p>a</p>\n','<p>b</p>\n','<p>c</p>\n','<p>d</p>\n','c','<p>None</p>\n','true');
INSERT INTO `questions` (`id`,`test_id`,`question_type`,`paragraph_text`,`question_text`,`optionA`,`optionB`,`optionC`,`optionD`,`correct_option`,`explanation`,`active`) VALUES ('EDnBH',54462,'Simple','','<p>test</p>\n','<p>a</p>\n','<p>b</p>\n','<p>c</p>\n','<p>d</p>\n','c','<p>None</p>\n','true');
INSERT INTO `questions` (`id`,`test_id`,`question_type`,`paragraph_text`,`question_text`,`optionA`,`optionB`,`optionC`,`optionD`,`correct_option`,`explanation`,`active`) VALUES ('EDnBH',70696,'Simple','','<p>test</p>\n','<p>a</p>\n','<p>b</p>\n','<p>c</p>\n','<p>d</p>\n','c','<p>None</p>\n','true');
INSERT INTO `questions` (`id`,`test_id`,`question_type`,`paragraph_text`,`question_text`,`optionA`,`optionB`,`optionC`,`optionD`,`correct_option`,`explanation`,`active`) VALUES ('EDnBH',73302,'Simple','','<p>test</p>\n','<p>a</p>\n','<p>b</p>\n','<p>c</p>\n','<p>d</p>\n','c','<p>Required</p>\n','true');
INSERT INTO `questions` (`id`,`test_id`,`question_type`,`paragraph_text`,`question_text`,`optionA`,`optionB`,`optionC`,`optionD`,`correct_option`,`explanation`,`active`) VALUES ('EDnBH',75844,'Paragraph','<p>test</p>\n','<p>test</p>\n','<p>a</p>\n','<p>b</p>\n','<p>c</p>\n','<p>d</p>\n','c','<p>None</p>\n','true');
INSERT INTO `questions` (`id`,`test_id`,`question_type`,`paragraph_text`,`question_text`,`optionA`,`optionB`,`optionC`,`optionD`,`correct_option`,`explanation`,`active`) VALUES ('EDnBH',82940,'Simple','','<p>test</p>\n','<p>a</p>\n','<p>b</p>\n','<p>c</p>\n','<p>d</p>\n','c','<p>None</p>\n','true');
INSERT INTO `questions` (`id`,`test_id`,`question_type`,`paragraph_text`,`question_text`,`optionA`,`optionB`,`optionC`,`optionD`,`correct_option`,`explanation`,`active`) VALUES ('EDnBH',83235,'Simple','','<p>test</p>\n','<p>a</p>\n','<p>b</p>\n','<p>c</p>\n','<p>d</p>\n','c','<p>Required</p>\n','true');
INSERT INTO `questions` (`id`,`test_id`,`question_type`,`paragraph_text`,`question_text`,`optionA`,`optionB`,`optionC`,`optionD`,`correct_option`,`explanation`,`active`) VALUES ('EDnBH',99129,'Simple','','<p>test</p>\n','<p>a</p>\n','<p>b</p>\n','<p>c</p>\n','<p>d</p>\n','c','<p>None</p>\n','true');

INSERT INTO `subcategorysubjectwise` (`id`,`cat_id`,`subcategory`) VALUES (1,1,'Geometry');
INSERT INTO `subcategorysubjectwise` (`id`,`cat_id`,`subcategory`) VALUES (2,11,'Quantitative');
INSERT INTO `subcategorysubjectwise` (`id`,`cat_id`,`subcategory`) VALUES (3,5,'Current Affairs');
INSERT INTO `subcategorysubjectwise` (`id`,`cat_id`,`subcategory`) VALUES (4,14,'dummy');
INSERT INTO `subcategorysubjectwise` (`id`,`cat_id`,`subcategory`) VALUES (6,1,'Trigonometry');
INSERT INTO `subcategorysubjectwise` (`id`,`cat_id`,`subcategory`) VALUES (7,2,'test1');
INSERT INTO `subcategorysubjectwise` (`id`,`cat_id`,`subcategory`) VALUES (8,16,'testing');

INSERT INTO `testdetails` (`id`,`cat_id`,`subcat_id`,`title`,`no_of_ques`,`time_limit`,`correct_ans_marks`,`wrong_ans_marks`,`passing_percentage`,`shuffle_ques`,`shuffle_options`,`attempt_multiple_times`,`active`,`candidate_count`) VALUES (1,1,5,'Sample Test',10,60,3,1,NULL,NULL,NULL,NULL,'false',0);
INSERT INTO `testdetails` (`id`,`cat_id`,`subcat_id`,`title`,`no_of_ques`,`time_limit`,`correct_ans_marks`,`wrong_ans_marks`,`passing_percentage`,`shuffle_ques`,`shuffle_options`,`attempt_multiple_times`,`active`,`candidate_count`) VALUES (2,1,6,'Test SSC',30,30,3,1,NULL,NULL,NULL,NULL,'false',0);
INSERT INTO `testdetails` (`id`,`cat_id`,`subcat_id`,`title`,`no_of_ques`,`time_limit`,`correct_ans_marks`,`wrong_ans_marks`,`passing_percentage`,`shuffle_ques`,`shuffle_options`,`attempt_multiple_times`,`active`,`candidate_count`) VALUES (3,1,5,'Sample new',10,60,3,1,NULL,NULL,NULL,NULL,'false',0);
INSERT INTO `testdetails` (`id`,`cat_id`,`subcat_id`,`title`,`no_of_ques`,`time_limit`,`correct_ans_marks`,`wrong_ans_marks`,`passing_percentage`,`shuffle_ques`,`shuffle_options`,`attempt_multiple_times`,`active`,`candidate_count`) VALUES (4,1,5,'Sample new',10,60,3,1,NULL,NULL,NULL,NULL,'false',0);
INSERT INTO `testdetails` (`id`,`cat_id`,`subcat_id`,`title`,`no_of_ques`,`time_limit`,`correct_ans_marks`,`wrong_ans_marks`,`passing_percentage`,`shuffle_ques`,`shuffle_options`,`attempt_multiple_times`,`active`,`candidate_count`) VALUES (5,1,5,'Sample new updated',20,120,2,0,NULL,NULL,NULL,NULL,'false',0);
INSERT INTO `testdetails` (`id`,`cat_id`,`subcat_id`,`title`,`no_of_ques`,`time_limit`,`correct_ans_marks`,`wrong_ans_marks`,`passing_percentage`,`shuffle_ques`,`shuffle_options`,`attempt_multiple_times`,`active`,`candidate_count`) VALUES (6,1,5,'Sample new',10,60,3,1,NULL,NULL,NULL,NULL,'false',0);
INSERT INTO `testdetails` (`id`,`cat_id`,`subcat_id`,`title`,`no_of_ques`,`time_limit`,`correct_ans_marks`,`wrong_ans_marks`,`passing_percentage`,`shuffle_ques`,`shuffle_options`,`attempt_multiple_times`,`active`,`candidate_count`) VALUES (7,1,5,'Sample new',10,60,3,1,NULL,NULL,NULL,NULL,'false',0);
INSERT INTO `testdetails` (`id`,`cat_id`,`subcat_id`,`title`,`no_of_ques`,`time_limit`,`correct_ans_marks`,`wrong_ans_marks`,`passing_percentage`,`shuffle_ques`,`shuffle_options`,`attempt_multiple_times`,`active`,`candidate_count`) VALUES (8,1,6,'Test new SSC Tier-1',20,25,4,1,NULL,NULL,NULL,NULL,'false',0);
INSERT INTO `testdetails` (`id`,`cat_id`,`subcat_id`,`title`,`no_of_ques`,`time_limit`,`correct_ans_marks`,`wrong_ans_marks`,`passing_percentage`,`shuffle_ques`,`shuffle_options`,`attempt_multiple_times`,`active`,`candidate_count`) VALUES (297,2,8,'IBPS PO',1,56,5,5,NULL,NULL,NULL,NULL,'true ',0);
INSERT INTO `testdetails` (`id`,`cat_id`,`subcat_id`,`title`,`no_of_ques`,`time_limit`,`correct_ans_marks`,`wrong_ans_marks`,`passing_percentage`,`shuffle_ques`,`shuffle_options`,`attempt_multiple_times`,`active`,`candidate_count`) VALUES (550,1,7,'Tier-2',50,50,5,1,NULL,NULL,NULL,NULL,'false',0);
INSERT INTO `testdetails` (`id`,`cat_id`,`subcat_id`,`title`,`no_of_ques`,`time_limit`,`correct_ans_marks`,`wrong_ans_marks`,`passing_percentage`,`shuffle_ques`,`shuffle_options`,`attempt_multiple_times`,`active`,`candidate_count`) VALUES (618,2,9,'IT',45,4,5,4,NULL,NULL,NULL,NULL,'false',0);
INSERT INTO `testdetails` (`id`,`cat_id`,`subcat_id`,`title`,`no_of_ques`,`time_limit`,`correct_ans_marks`,`wrong_ans_marks`,`passing_percentage`,`shuffle_ques`,`shuffle_options`,`attempt_multiple_times`,`active`,`candidate_count`) VALUES (863,2,10,'Clerk',34,3,4,4,NULL,NULL,NULL,NULL,'false',0);
INSERT INTO `testdetails` (`id`,`cat_id`,`subcat_id`,`title`,`no_of_ques`,`time_limit`,`correct_ans_marks`,`wrong_ans_marks`,`passing_percentage`,`shuffle_ques`,`shuffle_options`,`attempt_multiple_times`,`active`,`candidate_count`) VALUES (1010,1,7,'test',4,4,4,4,NULL,NULL,NULL,NULL,'false',0);
INSERT INTO `testdetails` (`id`,`cat_id`,`subcat_id`,`title`,`no_of_ques`,`time_limit`,`correct_ans_marks`,`wrong_ans_marks`,`passing_percentage`,`shuffle_ques`,`shuffle_options`,`attempt_multiple_times`,`active`,`candidate_count`) VALUES (3376,1,6,'test',4,4,4,4,NULL,NULL,NULL,NULL,'false',0);
INSERT INTO `testdetails` (`id`,`cat_id`,`subcat_id`,`title`,`no_of_ques`,`time_limit`,`correct_ans_marks`,`wrong_ans_marks`,`passing_percentage`,`shuffle_ques`,`shuffle_options`,`attempt_multiple_times`,`active`,`candidate_count`) VALUES (3415,2,5,'q',2,2,2,2,NULL,NULL,NULL,NULL,'false',0);
INSERT INTO `testdetails` (`id`,`cat_id`,`subcat_id`,`title`,`no_of_ques`,`time_limit`,`correct_ans_marks`,`wrong_ans_marks`,`passing_percentage`,`shuffle_ques`,`shuffle_options`,`attempt_multiple_times`,`active`,`candidate_count`) VALUES (3850,2,9,'test',4,4,4,4,NULL,NULL,NULL,NULL,'false',0);
INSERT INTO `testdetails` (`id`,`cat_id`,`subcat_id`,`title`,`no_of_ques`,`time_limit`,`correct_ans_marks`,`wrong_ans_marks`,`passing_percentage`,`shuffle_ques`,`shuffle_options`,`attempt_multiple_times`,`active`,`candidate_count`) VALUES (5525,1,6,'test',4,4,4,1,NULL,NULL,NULL,NULL,'false',0);
INSERT INTO `testdetails` (`id`,`cat_id`,`subcat_id`,`title`,`no_of_ques`,`time_limit`,`correct_ans_marks`,`wrong_ans_marks`,`passing_percentage`,`shuffle_ques`,`shuffle_options`,`attempt_multiple_times`,`active`,`candidate_count`) VALUES (6378,2,9,'test',4,4,4,4,NULL,NULL,NULL,NULL,'false',0);
INSERT INTO `testdetails` (`id`,`cat_id`,`subcat_id`,`title`,`no_of_ques`,`time_limit`,`correct_ans_marks`,`wrong_ans_marks`,`passing_percentage`,`shuffle_ques`,`shuffle_options`,`attempt_multiple_times`,`active`,`candidate_count`) VALUES (7210,2,9,'test',10,20,3,1,NULL,NULL,NULL,NULL,'false',0);
INSERT INTO `testdetails` (`id`,`cat_id`,`subcat_id`,`title`,`no_of_ques`,`time_limit`,`correct_ans_marks`,`wrong_ans_marks`,`passing_percentage`,`shuffle_ques`,`shuffle_options`,`attempt_multiple_times`,`active`,`candidate_count`) VALUES (7260,1,7,'test',12,12,2,1,NULL,NULL,NULL,NULL,'false',0);
INSERT INTO `testdetails` (`id`,`cat_id`,`subcat_id`,`title`,`no_of_ques`,`time_limit`,`correct_ans_marks`,`wrong_ans_marks`,`passing_percentage`,`shuffle_ques`,`shuffle_options`,`attempt_multiple_times`,`active`,`candidate_count`) VALUES (9669,1,6,'test',12,12,2,1,NULL,NULL,NULL,NULL,'false',0);
INSERT INTO `testdetails` (`id`,`cat_id`,`subcat_id`,`title`,`no_of_ques`,`time_limit`,`correct_ans_marks`,`wrong_ans_marks`,`passing_percentage`,`shuffle_ques`,`shuffle_options`,`attempt_multiple_times`,`active`,`candidate_count`) VALUES (9712,1,6,'4',4,4,4,4,NULL,NULL,NULL,NULL,'false',0);
INSERT INTO `testdetails` (`id`,`cat_id`,`subcat_id`,`title`,`no_of_ques`,`time_limit`,`correct_ans_marks`,`wrong_ans_marks`,`passing_percentage`,`shuffle_ques`,`shuffle_options`,`attempt_multiple_times`,`active`,`candidate_count`) VALUES (11204,2,5,'test',2,2,2,2,NULL,NULL,NULL,NULL,'false',0);
INSERT INTO `testdetails` (`id`,`cat_id`,`subcat_id`,`title`,`no_of_ques`,`time_limit`,`correct_ans_marks`,`wrong_ans_marks`,`passing_percentage`,`shuffle_ques`,`shuffle_options`,`attempt_multiple_times`,`active`,`candidate_count`) VALUES (12623,2,8,'test',3,20,1,1,NULL,NULL,NULL,NULL,'false',0);
INSERT INTO `testdetails` (`id`,`cat_id`,`subcat_id`,`title`,`no_of_ques`,`time_limit`,`correct_ans_marks`,`wrong_ans_marks`,`passing_percentage`,`shuffle_ques`,`shuffle_options`,`attempt_multiple_times`,`active`,`candidate_count`) VALUES (14601,2,5,'test',2,2,2,2,NULL,NULL,NULL,NULL,'false',0);
INSERT INTO `testdetails` (`id`,`cat_id`,`subcat_id`,`title`,`no_of_ques`,`time_limit`,`correct_ans_marks`,`wrong_ans_marks`,`passing_percentage`,`shuffle_ques`,`shuffle_options`,`attempt_multiple_times`,`active`,`candidate_count`) VALUES (14704,2,5,'test',10,20,3,1,NULL,NULL,NULL,NULL,'false',0);
INSERT INTO `testdetails` (`id`,`cat_id`,`subcat_id`,`title`,`no_of_ques`,`time_limit`,`correct_ans_marks`,`wrong_ans_marks`,`passing_percentage`,`shuffle_ques`,`shuffle_options`,`attempt_multiple_times`,`active`,`candidate_count`) VALUES (17798,16,19,'test',2,2,2,2,NULL,NULL,NULL,NULL,'false',0);
INSERT INTO `testdetails` (`id`,`cat_id`,`subcat_id`,`title`,`no_of_ques`,`time_limit`,`correct_ans_marks`,`wrong_ans_marks`,`passing_percentage`,`shuffle_ques`,`shuffle_options`,`attempt_multiple_times`,`active`,`candidate_count`) VALUES (18223,1,6,'test',12,12,2,1,NULL,NULL,NULL,NULL,'false',0);
INSERT INTO `testdetails` (`id`,`cat_id`,`subcat_id`,`title`,`no_of_ques`,`time_limit`,`correct_ans_marks`,`wrong_ans_marks`,`passing_percentage`,`shuffle_ques`,`shuffle_options`,`attempt_multiple_times`,`active`,`candidate_count`) VALUES (19468,2,8,'test',3,3,3,3,NULL,NULL,NULL,NULL,'false',0);
INSERT INTO `testdetails` (`id`,`cat_id`,`subcat_id`,`title`,`no_of_ques`,`time_limit`,`correct_ans_marks`,`wrong_ans_marks`,`passing_percentage`,`shuffle_ques`,`shuffle_options`,`attempt_multiple_times`,`active`,`candidate_count`) VALUES (19862,2,5,'test',3,2,2,2,NULL,NULL,NULL,NULL,'false',0);
INSERT INTO `testdetails` (`id`,`cat_id`,`subcat_id`,`title`,`no_of_ques`,`time_limit`,`correct_ans_marks`,`wrong_ans_marks`,`passing_percentage`,`shuffle_ques`,`shuffle_options`,`attempt_multiple_times`,`active`,`candidate_count`) VALUES (19987,2,8,'test',12,12,2,1,NULL,NULL,NULL,NULL,'false',0);
INSERT INTO `testdetails` (`id`,`cat_id`,`subcat_id`,`title`,`no_of_ques`,`time_limit`,`correct_ans_marks`,`wrong_ans_marks`,`passing_percentage`,`shuffle_ques`,`shuffle_options`,`attempt_multiple_times`,`active`,`candidate_count`) VALUES (21525,2,5,'test',12,212,1,4,NULL,NULL,NULL,NULL,'false',0);
INSERT INTO `testdetails` (`id`,`cat_id`,`subcat_id`,`title`,`no_of_ques`,`time_limit`,`correct_ans_marks`,`wrong_ans_marks`,`passing_percentage`,`shuffle_ques`,`shuffle_options`,`attempt_multiple_times`,`active`,`candidate_count`) VALUES (21820,2,5,'test',12,12,2,1,NULL,NULL,NULL,NULL,'false',0);
INSERT INTO `testdetails` (`id`,`cat_id`,`subcat_id`,`title`,`no_of_ques`,`time_limit`,`correct_ans_marks`,`wrong_ans_marks`,`passing_percentage`,`shuffle_ques`,`shuffle_options`,`attempt_multiple_times`,`active`,`candidate_count`) VALUES (23210,1,6,'test',20,20,1,1,NULL,NULL,NULL,NULL,'false',0);
INSERT INTO `testdetails` (`id`,`cat_id`,`subcat_id`,`title`,`no_of_ques`,`time_limit`,`correct_ans_marks`,`wrong_ans_marks`,`passing_percentage`,`shuffle_ques`,`shuffle_options`,`attempt_multiple_times`,`active`,`candidate_count`) VALUES (24711,2,5,'test',4,4,4,4,NULL,NULL,NULL,NULL,'false',0);
INSERT INTO `testdetails` (`id`,`cat_id`,`subcat_id`,`title`,`no_of_ques`,`time_limit`,`correct_ans_marks`,`wrong_ans_marks`,`passing_percentage`,`shuffle_ques`,`shuffle_options`,`attempt_multiple_times`,`active`,`candidate_count`) VALUES (25475,2,5,'test',3,12,2,1,NULL,NULL,NULL,NULL,'false',0);
INSERT INTO `testdetails` (`id`,`cat_id`,`subcat_id`,`title`,`no_of_ques`,`time_limit`,`correct_ans_marks`,`wrong_ans_marks`,`passing_percentage`,`shuffle_ques`,`shuffle_options`,`attempt_multiple_times`,`active`,`candidate_count`) VALUES (25850,1,6,'test',4,4,4,4,NULL,NULL,NULL,NULL,'false',0);
INSERT INTO `testdetails` (`id`,`cat_id`,`subcat_id`,`title`,`no_of_ques`,`time_limit`,`correct_ans_marks`,`wrong_ans_marks`,`passing_percentage`,`shuffle_ques`,`shuffle_options`,`attempt_multiple_times`,`active`,`candidate_count`) VALUES (27672,1,6,'Sample title',30,30,3,1,NULL,NULL,NULL,NULL,'false',0);
INSERT INTO `testdetails` (`id`,`cat_id`,`subcat_id`,`title`,`no_of_ques`,`time_limit`,`correct_ans_marks`,`wrong_ans_marks`,`passing_percentage`,`shuffle_ques`,`shuffle_options`,`attempt_multiple_times`,`active`,`candidate_count`) VALUES (28741,2,5,'test',3,30,4,1,NULL,NULL,NULL,NULL,'false',0);
INSERT INTO `testdetails` (`id`,`cat_id`,`subcat_id`,`title`,`no_of_ques`,`time_limit`,`correct_ans_marks`,`wrong_ans_marks`,`passing_percentage`,`shuffle_ques`,`shuffle_options`,`attempt_multiple_times`,`active`,`candidate_count`) VALUES (31180,16,19,'test1',20,25,4,1,NULL,NULL,NULL,NULL,'false',0);
INSERT INTO `testdetails` (`id`,`cat_id`,`subcat_id`,`title`,`no_of_ques`,`time_limit`,`correct_ans_marks`,`wrong_ans_marks`,`passing_percentage`,`shuffle_ques`,`shuffle_options`,`attempt_multiple_times`,`active`,`candidate_count`) VALUES (33135,2,9,'test',12,12,2,1,NULL,NULL,NULL,NULL,'false',0);
INSERT INTO `testdetails` (`id`,`cat_id`,`subcat_id`,`title`,`no_of_ques`,`time_limit`,`correct_ans_marks`,`wrong_ans_marks`,`passing_percentage`,`shuffle_ques`,`shuffle_options`,`attempt_multiple_times`,`active`,`candidate_count`) VALUES (33999,16,19,'test',4,4,4,4,NULL,NULL,NULL,NULL,'true ',1);
INSERT INTO `testdetails` (`id`,`cat_id`,`subcat_id`,`title`,`no_of_ques`,`time_limit`,`correct_ans_marks`,`wrong_ans_marks`,`passing_percentage`,`shuffle_ques`,`shuffle_options`,`attempt_multiple_times`,`active`,`candidate_count`) VALUES (34346,1,6,'test',4,4,4,4,NULL,NULL,NULL,NULL,'false',0);
INSERT INTO `testdetails` (`id`,`cat_id`,`subcat_id`,`title`,`no_of_ques`,`time_limit`,`correct_ans_marks`,`wrong_ans_marks`,`passing_percentage`,`shuffle_ques`,`shuffle_options`,`attempt_multiple_times`,`active`,`candidate_count`) VALUES (35194,1,6,'ty',4,4,4,4,NULL,NULL,NULL,NULL,'false',0);
INSERT INTO `testdetails` (`id`,`cat_id`,`subcat_id`,`title`,`no_of_ques`,`time_limit`,`correct_ans_marks`,`wrong_ans_marks`,`passing_percentage`,`shuffle_ques`,`shuffle_options`,`attempt_multiple_times`,`active`,`candidate_count`) VALUES (36085,1,6,'test',12,12,2,1,NULL,NULL,NULL,NULL,'false',0);
INSERT INTO `testdetails` (`id`,`cat_id`,`subcat_id`,`title`,`no_of_ques`,`time_limit`,`correct_ans_marks`,`wrong_ans_marks`,`passing_percentage`,`shuffle_ques`,`shuffle_options`,`attempt_multiple_times`,`active`,`candidate_count`) VALUES (36109,1,6,'test',1,1,1,1,NULL,NULL,NULL,NULL,'false',0);
INSERT INTO `testdetails` (`id`,`cat_id`,`subcat_id`,`title`,`no_of_ques`,`time_limit`,`correct_ans_marks`,`wrong_ans_marks`,`passing_percentage`,`shuffle_ques`,`shuffle_options`,`attempt_multiple_times`,`active`,`candidate_count`) VALUES (37488,2,8,'w',2,2,2,2,NULL,NULL,NULL,NULL,'false',0);
INSERT INTO `testdetails` (`id`,`cat_id`,`subcat_id`,`title`,`no_of_ques`,`time_limit`,`correct_ans_marks`,`wrong_ans_marks`,`passing_percentage`,`shuffle_ques`,`shuffle_options`,`attempt_multiple_times`,`active`,`candidate_count`) VALUES (38325,2,5,'test',3,12,4,1,NULL,NULL,NULL,NULL,'false',0);
INSERT INTO `testdetails` (`id`,`cat_id`,`subcat_id`,`title`,`no_of_ques`,`time_limit`,`correct_ans_marks`,`wrong_ans_marks`,`passing_percentage`,`shuffle_ques`,`shuffle_options`,`attempt_multiple_times`,`active`,`candidate_count`) VALUES (38563,1,6,'test',12,12,2,1,NULL,NULL,NULL,NULL,'false',0);
INSERT INTO `testdetails` (`id`,`cat_id`,`subcat_id`,`title`,`no_of_ques`,`time_limit`,`correct_ans_marks`,`wrong_ans_marks`,`passing_percentage`,`shuffle_ques`,`shuffle_options`,`attempt_multiple_times`,`active`,`candidate_count`) VALUES (38797,1,6,'test',4,4,4,1,NULL,NULL,NULL,NULL,'false',0);
INSERT INTO `testdetails` (`id`,`cat_id`,`subcat_id`,`title`,`no_of_ques`,`time_limit`,`correct_ans_marks`,`wrong_ans_marks`,`passing_percentage`,`shuffle_ques`,`shuffle_options`,`attempt_multiple_times`,`active`,`candidate_count`) VALUES (39140,1,6,'test',12,12,3,2,NULL,NULL,NULL,NULL,'false',0);
INSERT INTO `testdetails` (`id`,`cat_id`,`subcat_id`,`title`,`no_of_ques`,`time_limit`,`correct_ans_marks`,`wrong_ans_marks`,`passing_percentage`,`shuffle_ques`,`shuffle_options`,`attempt_multiple_times`,`active`,`candidate_count`) VALUES (43293,2,5,'test',1,1,1,1,NULL,NULL,NULL,NULL,'false',0);
INSERT INTO `testdetails` (`id`,`cat_id`,`subcat_id`,`title`,`no_of_ques`,`time_limit`,`correct_ans_marks`,`wrong_ans_marks`,`passing_percentage`,`shuffle_ques`,`shuffle_options`,`attempt_multiple_times`,`active`,`candidate_count`) VALUES (43604,1,6,'te',23,2,3,2,NULL,NULL,NULL,NULL,'false',0);
INSERT INTO `testdetails` (`id`,`cat_id`,`subcat_id`,`title`,`no_of_ques`,`time_limit`,`correct_ans_marks`,`wrong_ans_marks`,`passing_percentage`,`shuffle_ques`,`shuffle_options`,`attempt_multiple_times`,`active`,`candidate_count`) VALUES (43626,2,9,'IBPS IT Exam',10,20,3,1,NULL,NULL,NULL,NULL,'false',0);
INSERT INTO `testdetails` (`id`,`cat_id`,`subcat_id`,`title`,`no_of_ques`,`time_limit`,`correct_ans_marks`,`wrong_ans_marks`,`passing_percentage`,`shuffle_ques`,`shuffle_options`,`attempt_multiple_times`,`active`,`candidate_count`) VALUES (44423,2,5,'test',12,12,2,1,NULL,NULL,NULL,NULL,'false',0);
INSERT INTO `testdetails` (`id`,`cat_id`,`subcat_id`,`title`,`no_of_ques`,`time_limit`,`correct_ans_marks`,`wrong_ans_marks`,`passing_percentage`,`shuffle_ques`,`shuffle_options`,`attempt_multiple_times`,`active`,`candidate_count`) VALUES (46560,2,9,'test',4,4,4,4,NULL,NULL,NULL,NULL,'false',0);
INSERT INTO `testdetails` (`id`,`cat_id`,`subcat_id`,`title`,`no_of_ques`,`time_limit`,`correct_ans_marks`,`wrong_ans_marks`,`passing_percentage`,`shuffle_ques`,`shuffle_options`,`attempt_multiple_times`,`active`,`candidate_count`) VALUES (46592,2,9,'test',4,4,4,4,NULL,NULL,NULL,NULL,'false',0);
INSERT INTO `testdetails` (`id`,`cat_id`,`subcat_id`,`title`,`no_of_ques`,`time_limit`,`correct_ans_marks`,`wrong_ans_marks`,`passing_percentage`,`shuffle_ques`,`shuffle_options`,`attempt_multiple_times`,`active`,`candidate_count`) VALUES (47478,1,6,'test',2,2,2,2,NULL,NULL,NULL,NULL,'false',0);
INSERT INTO `testdetails` (`id`,`cat_id`,`subcat_id`,`title`,`no_of_ques`,`time_limit`,`correct_ans_marks`,`wrong_ans_marks`,`passing_percentage`,`shuffle_ques`,`shuffle_options`,`attempt_multiple_times`,`active`,`candidate_count`) VALUES (47747,2,5,'test',2,2,2,2,NULL,NULL,NULL,NULL,'false',0);
INSERT INTO `testdetails` (`id`,`cat_id`,`subcat_id`,`title`,`no_of_ques`,`time_limit`,`correct_ans_marks`,`wrong_ans_marks`,`passing_percentage`,`shuffle_ques`,`shuffle_options`,`attempt_multiple_times`,`active`,`candidate_count`) VALUES (48136,2,10,'SBI Clerk Exam',10,20,3,1,NULL,NULL,NULL,NULL,'false',0);
INSERT INTO `testdetails` (`id`,`cat_id`,`subcat_id`,`title`,`no_of_ques`,`time_limit`,`correct_ans_marks`,`wrong_ans_marks`,`passing_percentage`,`shuffle_ques`,`shuffle_options`,`attempt_multiple_times`,`active`,`candidate_count`) VALUES (48802,1,6,'4',4,4,4,1,NULL,NULL,NULL,NULL,'false',0);
INSERT INTO `testdetails` (`id`,`cat_id`,`subcat_id`,`title`,`no_of_ques`,`time_limit`,`correct_ans_marks`,`wrong_ans_marks`,`passing_percentage`,`shuffle_ques`,`shuffle_options`,`attempt_multiple_times`,`active`,`candidate_count`) VALUES (49715,1,6,'6',5,5,6,6,NULL,NULL,NULL,NULL,'false',0);
INSERT INTO `testdetails` (`id`,`cat_id`,`subcat_id`,`title`,`no_of_ques`,`time_limit`,`correct_ans_marks`,`wrong_ans_marks`,`passing_percentage`,`shuffle_ques`,`shuffle_options`,`attempt_multiple_times`,`active`,`candidate_count`) VALUES (49753,2,8,'test',20,20,10,10,NULL,NULL,NULL,NULL,'false',0);
INSERT INTO `testdetails` (`id`,`cat_id`,`subcat_id`,`title`,`no_of_ques`,`time_limit`,`correct_ans_marks`,`wrong_ans_marks`,`passing_percentage`,`shuffle_ques`,`shuffle_options`,`attempt_multiple_times`,`active`,`candidate_count`) VALUES (50086,1,6,'test',20,20,1,1,NULL,NULL,NULL,NULL,'false',0);
INSERT INTO `testdetails` (`id`,`cat_id`,`subcat_id`,`title`,`no_of_ques`,`time_limit`,`correct_ans_marks`,`wrong_ans_marks`,`passing_percentage`,`shuffle_ques`,`shuffle_options`,`attempt_multiple_times`,`active`,`candidate_count`) VALUES (51510,1,6,'test',12,12,12,1,NULL,NULL,NULL,NULL,'false',0);
INSERT INTO `testdetails` (`id`,`cat_id`,`subcat_id`,`title`,`no_of_ques`,`time_limit`,`correct_ans_marks`,`wrong_ans_marks`,`passing_percentage`,`shuffle_ques`,`shuffle_options`,`attempt_multiple_times`,`active`,`candidate_count`) VALUES (51649,1,6,'test',2,2,2,2,NULL,NULL,NULL,NULL,'false',0);
INSERT INTO `testdetails` (`id`,`cat_id`,`subcat_id`,`title`,`no_of_ques`,`time_limit`,`correct_ans_marks`,`wrong_ans_marks`,`passing_percentage`,`shuffle_ques`,`shuffle_options`,`attempt_multiple_times`,`active`,`candidate_count`) VALUES (52048,1,6,'test',4,4,4,1,NULL,NULL,NULL,NULL,'false',0);
INSERT INTO `testdetails` (`id`,`cat_id`,`subcat_id`,`title`,`no_of_ques`,`time_limit`,`correct_ans_marks`,`wrong_ans_marks`,`passing_percentage`,`shuffle_ques`,`shuffle_options`,`attempt_multiple_times`,`active`,`candidate_count`) VALUES (52154,1,6,'test',1,1,1,1,NULL,NULL,NULL,NULL,'false',0);
INSERT INTO `testdetails` (`id`,`cat_id`,`subcat_id`,`title`,`no_of_ques`,`time_limit`,`correct_ans_marks`,`wrong_ans_marks`,`passing_percentage`,`shuffle_ques`,`shuffle_options`,`attempt_multiple_times`,`active`,`candidate_count`) VALUES (52437,1,6,'new test',20,20,2,1,NULL,NULL,NULL,NULL,'false',0);
INSERT INTO `testdetails` (`id`,`cat_id`,`subcat_id`,`title`,`no_of_ques`,`time_limit`,`correct_ans_marks`,`wrong_ans_marks`,`passing_percentage`,`shuffle_ques`,`shuffle_options`,`attempt_multiple_times`,`active`,`candidate_count`) VALUES (52604,1,6,'4',4,4,4,4,NULL,NULL,NULL,NULL,'false',0);
INSERT INTO `testdetails` (`id`,`cat_id`,`subcat_id`,`title`,`no_of_ques`,`time_limit`,`correct_ans_marks`,`wrong_ans_marks`,`passing_percentage`,`shuffle_ques`,`shuffle_options`,`attempt_multiple_times`,`active`,`candidate_count`) VALUES (52815,2,8,'test',20,20,4,1,NULL,NULL,NULL,NULL,'false',0);
INSERT INTO `testdetails` (`id`,`cat_id`,`subcat_id`,`title`,`no_of_ques`,`time_limit`,`correct_ans_marks`,`wrong_ans_marks`,`passing_percentage`,`shuffle_ques`,`shuffle_options`,`attempt_multiple_times`,`active`,`candidate_count`) VALUES (54208,2,5,'test',3,12,4,1,NULL,NULL,NULL,NULL,'false',0);
INSERT INTO `testdetails` (`id`,`cat_id`,`subcat_id`,`title`,`no_of_ques`,`time_limit`,`correct_ans_marks`,`wrong_ans_marks`,`passing_percentage`,`shuffle_ques`,`shuffle_options`,`attempt_multiple_times`,`active`,`candidate_count`) VALUES (54462,1,6,'test',2,2,2,2,NULL,NULL,NULL,NULL,'false',0);
INSERT INTO `testdetails` (`id`,`cat_id`,`subcat_id`,`title`,`no_of_ques`,`time_limit`,`correct_ans_marks`,`wrong_ans_marks`,`passing_percentage`,`shuffle_ques`,`shuffle_options`,`attempt_multiple_times`,`active`,`candidate_count`) VALUES (54611,1,6,'test',4,4,4,4,NULL,NULL,NULL,NULL,'false',0);
INSERT INTO `testdetails` (`id`,`cat_id`,`subcat_id`,`title`,`no_of_ques`,`time_limit`,`correct_ans_marks`,`wrong_ans_marks`,`passing_percentage`,`shuffle_ques`,`shuffle_options`,`attempt_multiple_times`,`active`,`candidate_count`) VALUES (55782,1,6,'test',1,1,1,1,NULL,NULL,NULL,NULL,'false',0);
INSERT INTO `testdetails` (`id`,`cat_id`,`subcat_id`,`title`,`no_of_ques`,`time_limit`,`correct_ans_marks`,`wrong_ans_marks`,`passing_percentage`,`shuffle_ques`,`shuffle_options`,`attempt_multiple_times`,`active`,`candidate_count`) VALUES (55942,1,6,'ey',4,4,4,4,NULL,NULL,NULL,NULL,'false',0);
INSERT INTO `testdetails` (`id`,`cat_id`,`subcat_id`,`title`,`no_of_ques`,`time_limit`,`correct_ans_marks`,`wrong_ans_marks`,`passing_percentage`,`shuffle_ques`,`shuffle_options`,`attempt_multiple_times`,`active`,`candidate_count`) VALUES (56169,2,8,'test',12,12,2,1,NULL,NULL,NULL,NULL,'false',0);
INSERT INTO `testdetails` (`id`,`cat_id`,`subcat_id`,`title`,`no_of_ques`,`time_limit`,`correct_ans_marks`,`wrong_ans_marks`,`passing_percentage`,`shuffle_ques`,`shuffle_options`,`attempt_multiple_times`,`active`,`candidate_count`) VALUES (58162,2,5,'df',23,2,32,1,NULL,NULL,NULL,NULL,'false',0);
INSERT INTO `testdetails` (`id`,`cat_id`,`subcat_id`,`title`,`no_of_ques`,`time_limit`,`correct_ans_marks`,`wrong_ans_marks`,`passing_percentage`,`shuffle_ques`,`shuffle_options`,`attempt_multiple_times`,`active`,`candidate_count`) VALUES (58723,1,6,'4',4,4,4,4,NULL,NULL,NULL,NULL,'false',0);
INSERT INTO `testdetails` (`id`,`cat_id`,`subcat_id`,`title`,`no_of_ques`,`time_limit`,`correct_ans_marks`,`wrong_ans_marks`,`passing_percentage`,`shuffle_ques`,`shuffle_options`,`attempt_multiple_times`,`active`,`candidate_count`) VALUES (58829,16,19,'test',45,4,5,4,NULL,NULL,NULL,NULL,'false',0);
INSERT INTO `testdetails` (`id`,`cat_id`,`subcat_id`,`title`,`no_of_ques`,`time_limit`,`correct_ans_marks`,`wrong_ans_marks`,`passing_percentage`,`shuffle_ques`,`shuffle_options`,`attempt_multiple_times`,`active`,`candidate_count`) VALUES (59675,1,6,'test',12,12,2,1,NULL,NULL,NULL,NULL,'false',0);
INSERT INTO `testdetails` (`id`,`cat_id`,`subcat_id`,`title`,`no_of_ques`,`time_limit`,`correct_ans_marks`,`wrong_ans_marks`,`passing_percentage`,`shuffle_ques`,`shuffle_options`,`attempt_multiple_times`,`active`,`candidate_count`) VALUES (60553,2,5,'y',6,6,6,6,NULL,NULL,NULL,NULL,'false',0);
INSERT INTO `testdetails` (`id`,`cat_id`,`subcat_id`,`title`,`no_of_ques`,`time_limit`,`correct_ans_marks`,`wrong_ans_marks`,`passing_percentage`,`shuffle_ques`,`shuffle_options`,`attempt_multiple_times`,`active`,`candidate_count`) VALUES (60864,16,19,'test',4,4,4,4,NULL,NULL,NULL,NULL,'false',0);
INSERT INTO `testdetails` (`id`,`cat_id`,`subcat_id`,`title`,`no_of_ques`,`time_limit`,`correct_ans_marks`,`wrong_ans_marks`,`passing_percentage`,`shuffle_ques`,`shuffle_options`,`attempt_multiple_times`,`active`,`candidate_count`) VALUES (60888,1,6,'test',4,4,4,1,NULL,NULL,NULL,NULL,'false',0);
INSERT INTO `testdetails` (`id`,`cat_id`,`subcat_id`,`title`,`no_of_ques`,`time_limit`,`correct_ans_marks`,`wrong_ans_marks`,`passing_percentage`,`shuffle_ques`,`shuffle_options`,`attempt_multiple_times`,`active`,`candidate_count`) VALUES (61490,4,15,'Gate Test-1',50,50,4,1,NULL,NULL,NULL,NULL,'false',0);
INSERT INTO `testdetails` (`id`,`cat_id`,`subcat_id`,`title`,`no_of_ques`,`time_limit`,`correct_ans_marks`,`wrong_ans_marks`,`passing_percentage`,`shuffle_ques`,`shuffle_options`,`attempt_multiple_times`,`active`,`candidate_count`) VALUES (61829,2,8,'test',4,4,4,4,NULL,NULL,NULL,NULL,'false',0);
INSERT INTO `testdetails` (`id`,`cat_id`,`subcat_id`,`title`,`no_of_ques`,`time_limit`,`correct_ans_marks`,`wrong_ans_marks`,`passing_percentage`,`shuffle_ques`,`shuffle_options`,`attempt_multiple_times`,`active`,`candidate_count`) VALUES (63473,1,7,'t',4,4,4,4,NULL,NULL,NULL,NULL,'false',0);
INSERT INTO `testdetails` (`id`,`cat_id`,`subcat_id`,`title`,`no_of_ques`,`time_limit`,`correct_ans_marks`,`wrong_ans_marks`,`passing_percentage`,`shuffle_ques`,`shuffle_options`,`attempt_multiple_times`,`active`,`candidate_count`) VALUES (64755,1,6,'test',1,1,1,1,NULL,NULL,NULL,NULL,'false',0);
INSERT INTO `testdetails` (`id`,`cat_id`,`subcat_id`,`title`,`no_of_ques`,`time_limit`,`correct_ans_marks`,`wrong_ans_marks`,`passing_percentage`,`shuffle_ques`,`shuffle_options`,`attempt_multiple_times`,`active`,`candidate_count`) VALUES (64791,1,6,'test',3,3,3,3,NULL,NULL,NULL,NULL,'false',0);
INSERT INTO `testdetails` (`id`,`cat_id`,`subcat_id`,`title`,`no_of_ques`,`time_limit`,`correct_ans_marks`,`wrong_ans_marks`,`passing_percentage`,`shuffle_ques`,`shuffle_options`,`attempt_multiple_times`,`active`,`candidate_count`) VALUES (64938,1,6,'test',2,2,2,2,NULL,NULL,NULL,NULL,'false',0);
INSERT INTO `testdetails` (`id`,`cat_id`,`subcat_id`,`title`,`no_of_ques`,`time_limit`,`correct_ans_marks`,`wrong_ans_marks`,`passing_percentage`,`shuffle_ques`,`shuffle_options`,`attempt_multiple_times`,`active`,`candidate_count`) VALUES (67027,1,6,'new test',20,20,2,0,NULL,NULL,NULL,NULL,'false',0);
INSERT INTO `testdetails` (`id`,`cat_id`,`subcat_id`,`title`,`no_of_ques`,`time_limit`,`correct_ans_marks`,`wrong_ans_marks`,`passing_percentage`,`shuffle_ques`,`shuffle_options`,`attempt_multiple_times`,`active`,`candidate_count`) VALUES (68221,1,6,'test',2,2,2,2,NULL,NULL,NULL,NULL,'false',0);
INSERT INTO `testdetails` (`id`,`cat_id`,`subcat_id`,`title`,`no_of_ques`,`time_limit`,`correct_ans_marks`,`wrong_ans_marks`,`passing_percentage`,`shuffle_ques`,`shuffle_options`,`attempt_multiple_times`,`active`,`candidate_count`) VALUES (69763,1,6,'t',12,1,21,1,NULL,NULL,NULL,NULL,'false',0);
INSERT INTO `testdetails` (`id`,`cat_id`,`subcat_id`,`title`,`no_of_ques`,`time_limit`,`correct_ans_marks`,`wrong_ans_marks`,`passing_percentage`,`shuffle_ques`,`shuffle_options`,`attempt_multiple_times`,`active`,`candidate_count`) VALUES (70696,2,5,'test',2,2,2,2,NULL,NULL,NULL,NULL,'false',0);
INSERT INTO `testdetails` (`id`,`cat_id`,`subcat_id`,`title`,`no_of_ques`,`time_limit`,`correct_ans_marks`,`wrong_ans_marks`,`passing_percentage`,`shuffle_ques`,`shuffle_options`,`attempt_multiple_times`,`active`,`candidate_count`) VALUES (72168,2,5,'test',12,12,1,1,NULL,NULL,NULL,NULL,'false',0);
INSERT INTO `testdetails` (`id`,`cat_id`,`subcat_id`,`title`,`no_of_ques`,`time_limit`,`correct_ans_marks`,`wrong_ans_marks`,`passing_percentage`,`shuffle_ques`,`shuffle_options`,`attempt_multiple_times`,`active`,`candidate_count`) VALUES (72530,1,6,'test',2,2,2,2,NULL,NULL,NULL,NULL,'false',0);
INSERT INTO `testdetails` (`id`,`cat_id`,`subcat_id`,`title`,`no_of_ques`,`time_limit`,`correct_ans_marks`,`wrong_ans_marks`,`passing_percentage`,`shuffle_ques`,`shuffle_options`,`attempt_multiple_times`,`active`,`candidate_count`) VALUES (73302,2,5,'test',10,20,4,1,NULL,NULL,NULL,NULL,'true',45);
INSERT INTO `testdetails` (`id`,`cat_id`,`subcat_id`,`title`,`no_of_ques`,`time_limit`,`correct_ans_marks`,`wrong_ans_marks`,`passing_percentage`,`shuffle_ques`,`shuffle_options`,`attempt_multiple_times`,`active`,`candidate_count`) VALUES (73863,1,6,'test',4,4,4,1,NULL,NULL,NULL,NULL,'false',0);
INSERT INTO `testdetails` (`id`,`cat_id`,`subcat_id`,`title`,`no_of_ques`,`time_limit`,`correct_ans_marks`,`wrong_ans_marks`,`passing_percentage`,`shuffle_ques`,`shuffle_options`,`attempt_multiple_times`,`active`,`candidate_count`) VALUES (74568,1,6,'test',4,4,4,4,NULL,NULL,NULL,NULL,'false',0);
INSERT INTO `testdetails` (`id`,`cat_id`,`subcat_id`,`title`,`no_of_ques`,`time_limit`,`correct_ans_marks`,`wrong_ans_marks`,`passing_percentage`,`shuffle_ques`,`shuffle_options`,`attempt_multiple_times`,`active`,`candidate_count`) VALUES (74812,1,6,'4',4,4,4,4,NULL,NULL,NULL,NULL,'false',0);
INSERT INTO `testdetails` (`id`,`cat_id`,`subcat_id`,`title`,`no_of_ques`,`time_limit`,`correct_ans_marks`,`wrong_ans_marks`,`passing_percentage`,`shuffle_ques`,`shuffle_options`,`attempt_multiple_times`,`active`,`candidate_count`) VALUES (75585,2,8,'test update',20,20,4,1,NULL,NULL,NULL,NULL,'false',0);
INSERT INTO `testdetails` (`id`,`cat_id`,`subcat_id`,`title`,`no_of_ques`,`time_limit`,`correct_ans_marks`,`wrong_ans_marks`,`passing_percentage`,`shuffle_ques`,`shuffle_options`,`attempt_multiple_times`,`active`,`candidate_count`) VALUES (75635,2,9,'test',4,4,4,4,NULL,NULL,NULL,NULL,'false',0);
INSERT INTO `testdetails` (`id`,`cat_id`,`subcat_id`,`title`,`no_of_ques`,`time_limit`,`correct_ans_marks`,`wrong_ans_marks`,`passing_percentage`,`shuffle_ques`,`shuffle_options`,`attempt_multiple_times`,`active`,`candidate_count`) VALUES (75844,2,5,'test',2,2,2,2,NULL,NULL,NULL,NULL,'false',0);
INSERT INTO `testdetails` (`id`,`cat_id`,`subcat_id`,`title`,`no_of_ques`,`time_limit`,`correct_ans_marks`,`wrong_ans_marks`,`passing_percentage`,`shuffle_ques`,`shuffle_options`,`attempt_multiple_times`,`active`,`candidate_count`) VALUES (76127,2,5,'test',4,4,4,4,NULL,NULL,NULL,NULL,'false',0);
INSERT INTO `testdetails` (`id`,`cat_id`,`subcat_id`,`title`,`no_of_ques`,`time_limit`,`correct_ans_marks`,`wrong_ans_marks`,`passing_percentage`,`shuffle_ques`,`shuffle_options`,`attempt_multiple_times`,`active`,`candidate_count`) VALUES (76523,1,6,'test',12,12,1,1,NULL,NULL,NULL,NULL,'false',0);
INSERT INTO `testdetails` (`id`,`cat_id`,`subcat_id`,`title`,`no_of_ques`,`time_limit`,`correct_ans_marks`,`wrong_ans_marks`,`passing_percentage`,`shuffle_ques`,`shuffle_options`,`attempt_multiple_times`,`active`,`candidate_count`) VALUES (76954,2,8,'test',20,20,1,1,NULL,NULL,NULL,NULL,'false',0);
INSERT INTO `testdetails` (`id`,`cat_id`,`subcat_id`,`title`,`no_of_ques`,`time_limit`,`correct_ans_marks`,`wrong_ans_marks`,`passing_percentage`,`shuffle_ques`,`shuffle_options`,`attempt_multiple_times`,`active`,`candidate_count`) VALUES (77646,1,6,'4',4,4,4,1,NULL,NULL,NULL,NULL,'false',0);
INSERT INTO `testdetails` (`id`,`cat_id`,`subcat_id`,`title`,`no_of_ques`,`time_limit`,`correct_ans_marks`,`wrong_ans_marks`,`passing_percentage`,`shuffle_ques`,`shuffle_options`,`attempt_multiple_times`,`active`,`candidate_count`) VALUES (77656,2,8,'Test Update',20,20,4,1,NULL,NULL,NULL,NULL,'false',0);
INSERT INTO `testdetails` (`id`,`cat_id`,`subcat_id`,`title`,`no_of_ques`,`time_limit`,`correct_ans_marks`,`wrong_ans_marks`,`passing_percentage`,`shuffle_ques`,`shuffle_options`,`attempt_multiple_times`,`active`,`candidate_count`) VALUES (78076,1,6,'test',4,4,4,4,NULL,NULL,NULL,NULL,'false',0);
INSERT INTO `testdetails` (`id`,`cat_id`,`subcat_id`,`title`,`no_of_ques`,`time_limit`,`correct_ans_marks`,`wrong_ans_marks`,`passing_percentage`,`shuffle_ques`,`shuffle_options`,`attempt_multiple_times`,`active`,`candidate_count`) VALUES (78197,1,6,'test',4,4,4,4,NULL,NULL,NULL,NULL,'false',0);
INSERT INTO `testdetails` (`id`,`cat_id`,`subcat_id`,`title`,`no_of_ques`,`time_limit`,`correct_ans_marks`,`wrong_ans_marks`,`passing_percentage`,`shuffle_ques`,`shuffle_options`,`attempt_multiple_times`,`active`,`candidate_count`) VALUES (78446,15,18,'Computer 1',20,25,3,1,NULL,NULL,NULL,NULL,'false',0);
INSERT INTO `testdetails` (`id`,`cat_id`,`subcat_id`,`title`,`no_of_ques`,`time_limit`,`correct_ans_marks`,`wrong_ans_marks`,`passing_percentage`,`shuffle_ques`,`shuffle_options`,`attempt_multiple_times`,`active`,`candidate_count`) VALUES (78466,2,8,'test',20,20,2,1,NULL,NULL,NULL,NULL,'false',0);
INSERT INTO `testdetails` (`id`,`cat_id`,`subcat_id`,`title`,`no_of_ques`,`time_limit`,`correct_ans_marks`,`wrong_ans_marks`,`passing_percentage`,`shuffle_ques`,`shuffle_options`,`attempt_multiple_times`,`active`,`candidate_count`) VALUES (78953,1,6,'r',4,4,4,4,NULL,NULL,NULL,NULL,'false',0);
INSERT INTO `testdetails` (`id`,`cat_id`,`subcat_id`,`title`,`no_of_ques`,`time_limit`,`correct_ans_marks`,`wrong_ans_marks`,`passing_percentage`,`shuffle_ques`,`shuffle_options`,`attempt_multiple_times`,`active`,`candidate_count`) VALUES (82190,2,8,'IBPS PO',10,20,3,1,NULL,NULL,NULL,NULL,'false',0);
INSERT INTO `testdetails` (`id`,`cat_id`,`subcat_id`,`title`,`no_of_ques`,`time_limit`,`correct_ans_marks`,`wrong_ans_marks`,`passing_percentage`,`shuffle_ques`,`shuffle_options`,`attempt_multiple_times`,`active`,`candidate_count`) VALUES (82940,2,5,'test',2,2,2,2,NULL,NULL,NULL,NULL,'false',0);
INSERT INTO `testdetails` (`id`,`cat_id`,`subcat_id`,`title`,`no_of_ques`,`time_limit`,`correct_ans_marks`,`wrong_ans_marks`,`passing_percentage`,`shuffle_ques`,`shuffle_options`,`attempt_multiple_times`,`active`,`candidate_count`) VALUES (83235,15,18,'test',3,3,3,3,NULL,NULL,NULL,NULL,'false',0);
INSERT INTO `testdetails` (`id`,`cat_id`,`subcat_id`,`title`,`no_of_ques`,`time_limit`,`correct_ans_marks`,`wrong_ans_marks`,`passing_percentage`,`shuffle_ques`,`shuffle_options`,`attempt_multiple_times`,`active`,`candidate_count`) VALUES (83643,2,8,'test',3,1,1,1,NULL,NULL,NULL,NULL,'false',0);
INSERT INTO `testdetails` (`id`,`cat_id`,`subcat_id`,`title`,`no_of_ques`,`time_limit`,`correct_ans_marks`,`wrong_ans_marks`,`passing_percentage`,`shuffle_ques`,`shuffle_options`,`attempt_multiple_times`,`active`,`candidate_count`) VALUES (84493,2,5,'test',4,4,4,4,NULL,NULL,NULL,NULL,'false',0);
INSERT INTO `testdetails` (`id`,`cat_id`,`subcat_id`,`title`,`no_of_ques`,`time_limit`,`correct_ans_marks`,`wrong_ans_marks`,`passing_percentage`,`shuffle_ques`,`shuffle_options`,`attempt_multiple_times`,`active`,`candidate_count`) VALUES (84849,2,5,'test',3,12,4,1,NULL,NULL,NULL,NULL,'false',0);
INSERT INTO `testdetails` (`id`,`cat_id`,`subcat_id`,`title`,`no_of_ques`,`time_limit`,`correct_ans_marks`,`wrong_ans_marks`,`passing_percentage`,`shuffle_ques`,`shuffle_options`,`attempt_multiple_times`,`active`,`candidate_count`) VALUES (85837,1,6,'test',12,12,1,1,NULL,NULL,NULL,NULL,'false',0);
INSERT INTO `testdetails` (`id`,`cat_id`,`subcat_id`,`title`,`no_of_ques`,`time_limit`,`correct_ans_marks`,`wrong_ans_marks`,`passing_percentage`,`shuffle_ques`,`shuffle_options`,`attempt_multiple_times`,`active`,`candidate_count`) VALUES (87900,2,8,'test',4,2,2,2,NULL,NULL,NULL,NULL,'true ',56);
INSERT INTO `testdetails` (`id`,`cat_id`,`subcat_id`,`title`,`no_of_ques`,`time_limit`,`correct_ans_marks`,`wrong_ans_marks`,`passing_percentage`,`shuffle_ques`,`shuffle_options`,`attempt_multiple_times`,`active`,`candidate_count`) VALUES (88070,1,6,'4',4,4,4,4,NULL,NULL,NULL,NULL,'true',0);
INSERT INTO `testdetails` (`id`,`cat_id`,`subcat_id`,`title`,`no_of_ques`,`time_limit`,`correct_ans_marks`,`wrong_ans_marks`,`passing_percentage`,`shuffle_ques`,`shuffle_options`,`attempt_multiple_times`,`active`,`candidate_count`) VALUES (88076,1,6,'test',4,4,4,4,NULL,NULL,NULL,NULL,'false',0);
INSERT INTO `testdetails` (`id`,`cat_id`,`subcat_id`,`title`,`no_of_ques`,`time_limit`,`correct_ans_marks`,`wrong_ans_marks`,`passing_percentage`,`shuffle_ques`,`shuffle_options`,`attempt_multiple_times`,`active`,`candidate_count`) VALUES (89825,2,5,'test',3,3,3,3,NULL,NULL,NULL,NULL,'false',0);
INSERT INTO `testdetails` (`id`,`cat_id`,`subcat_id`,`title`,`no_of_ques`,`time_limit`,`correct_ans_marks`,`wrong_ans_marks`,`passing_percentage`,`shuffle_ques`,`shuffle_options`,`attempt_multiple_times`,`active`,`candidate_count`) VALUES (89949,16,19,'test2',232,2,3,3,NULL,NULL,NULL,NULL,'false',0);
INSERT INTO `testdetails` (`id`,`cat_id`,`subcat_id`,`title`,`no_of_ques`,`time_limit`,`correct_ans_marks`,`wrong_ans_marks`,`passing_percentage`,`shuffle_ques`,`shuffle_options`,`attempt_multiple_times`,`active`,`candidate_count`) VALUES (90065,2,5,'test',23,2,3,2,NULL,NULL,NULL,NULL,'false',0);
INSERT INTO `testdetails` (`id`,`cat_id`,`subcat_id`,`title`,`no_of_ques`,`time_limit`,`correct_ans_marks`,`wrong_ans_marks`,`passing_percentage`,`shuffle_ques`,`shuffle_options`,`attempt_multiple_times`,`active`,`candidate_count`) VALUES (91601,2,5,'test',3,1,1,1,NULL,NULL,NULL,NULL,'false',0);
INSERT INTO `testdetails` (`id`,`cat_id`,`subcat_id`,`title`,`no_of_ques`,`time_limit`,`correct_ans_marks`,`wrong_ans_marks`,`passing_percentage`,`shuffle_ques`,`shuffle_options`,`attempt_multiple_times`,`active`,`candidate_count`) VALUES (92239,2,8,'test',12,12,2,1,NULL,NULL,NULL,NULL,'false',0);
INSERT INTO `testdetails` (`id`,`cat_id`,`subcat_id`,`title`,`no_of_ques`,`time_limit`,`correct_ans_marks`,`wrong_ans_marks`,`passing_percentage`,`shuffle_ques`,`shuffle_options`,`attempt_multiple_times`,`active`,`candidate_count`) VALUES (93377,1,6,'test',1,1,1,1,NULL,NULL,NULL,NULL,'false',0);
INSERT INTO `testdetails` (`id`,`cat_id`,`subcat_id`,`title`,`no_of_ques`,`time_limit`,`correct_ans_marks`,`wrong_ans_marks`,`passing_percentage`,`shuffle_ques`,`shuffle_options`,`attempt_multiple_times`,`active`,`candidate_count`) VALUES (93425,2,5,'test',12,12,1,1,NULL,NULL,NULL,NULL,'false',0);
INSERT INTO `testdetails` (`id`,`cat_id`,`subcat_id`,`title`,`no_of_ques`,`time_limit`,`correct_ans_marks`,`wrong_ans_marks`,`passing_percentage`,`shuffle_ques`,`shuffle_options`,`attempt_multiple_times`,`active`,`candidate_count`) VALUES (94718,16,19,'test',4,4,4,4,NULL,NULL,NULL,NULL,'false',0);
INSERT INTO `testdetails` (`id`,`cat_id`,`subcat_id`,`title`,`no_of_ques`,`time_limit`,`correct_ans_marks`,`wrong_ans_marks`,`passing_percentage`,`shuffle_ques`,`shuffle_options`,`attempt_multiple_times`,`active`,`candidate_count`) VALUES (94784,1,6,'test',4,4,4,4,NULL,NULL,NULL,NULL,'false',0);
INSERT INTO `testdetails` (`id`,`cat_id`,`subcat_id`,`title`,`no_of_ques`,`time_limit`,`correct_ans_marks`,`wrong_ans_marks`,`passing_percentage`,`shuffle_ques`,`shuffle_options`,`attempt_multiple_times`,`active`,`candidate_count`) VALUES (94965,2,5,'test',12,12,2,1,NULL,NULL,NULL,NULL,'false',0);
INSERT INTO `testdetails` (`id`,`cat_id`,`subcat_id`,`title`,`no_of_ques`,`time_limit`,`correct_ans_marks`,`wrong_ans_marks`,`passing_percentage`,`shuffle_ques`,`shuffle_options`,`attempt_multiple_times`,`active`,`candidate_count`) VALUES (95462,16,19,'Computer 1',20,25,4,1,NULL,NULL,NULL,NULL,'false',0);
INSERT INTO `testdetails` (`id`,`cat_id`,`subcat_id`,`title`,`no_of_ques`,`time_limit`,`correct_ans_marks`,`wrong_ans_marks`,`passing_percentage`,`shuffle_ques`,`shuffle_options`,`attempt_multiple_times`,`active`,`candidate_count`) VALUES (95511,4,11,'t',4,4,4,4,NULL,NULL,NULL,NULL,'false',0);
INSERT INTO `testdetails` (`id`,`cat_id`,`subcat_id`,`title`,`no_of_ques`,`time_limit`,`correct_ans_marks`,`wrong_ans_marks`,`passing_percentage`,`shuffle_ques`,`shuffle_options`,`attempt_multiple_times`,`active`,`candidate_count`) VALUES (95899,1,6,'test',2,2,2,2,NULL,NULL,NULL,NULL,'false',0);
INSERT INTO `testdetails` (`id`,`cat_id`,`subcat_id`,`title`,`no_of_ques`,`time_limit`,`correct_ans_marks`,`wrong_ans_marks`,`passing_percentage`,`shuffle_ques`,`shuffle_options`,`attempt_multiple_times`,`active`,`candidate_count`) VALUES (95984,1,6,'Changed test_id logic',20,20,1,0,NULL,NULL,NULL,NULL,'false',0);
INSERT INTO `testdetails` (`id`,`cat_id`,`subcat_id`,`title`,`no_of_ques`,`time_limit`,`correct_ans_marks`,`wrong_ans_marks`,`passing_percentage`,`shuffle_ques`,`shuffle_options`,`attempt_multiple_times`,`active`,`candidate_count`) VALUES (96273,1,6,'test',4,3,4,4,NULL,NULL,NULL,NULL,'false',0);
INSERT INTO `testdetails` (`id`,`cat_id`,`subcat_id`,`title`,`no_of_ques`,`time_limit`,`correct_ans_marks`,`wrong_ans_marks`,`passing_percentage`,`shuffle_ques`,`shuffle_options`,`attempt_multiple_times`,`active`,`candidate_count`) VALUES (96859,1,6,'t',34,3,4,3,NULL,NULL,NULL,NULL,'false',0);
INSERT INTO `testdetails` (`id`,`cat_id`,`subcat_id`,`title`,`no_of_ques`,`time_limit`,`correct_ans_marks`,`wrong_ans_marks`,`passing_percentage`,`shuffle_ques`,`shuffle_options`,`attempt_multiple_times`,`active`,`candidate_count`) VALUES (96959,4,11,'Java',10,20,3,1,NULL,NULL,NULL,NULL,'false',0);
INSERT INTO `testdetails` (`id`,`cat_id`,`subcat_id`,`title`,`no_of_ques`,`time_limit`,`correct_ans_marks`,`wrong_ans_marks`,`passing_percentage`,`shuffle_ques`,`shuffle_options`,`attempt_multiple_times`,`active`,`candidate_count`) VALUES (98083,2,8,'t',34,34,35,4,NULL,NULL,NULL,NULL,'false',0);
INSERT INTO `testdetails` (`id`,`cat_id`,`subcat_id`,`title`,`no_of_ques`,`time_limit`,`correct_ans_marks`,`wrong_ans_marks`,`passing_percentage`,`shuffle_ques`,`shuffle_options`,`attempt_multiple_times`,`active`,`candidate_count`) VALUES (99072,16,19,'test',1,1,1,1,NULL,NULL,NULL,NULL,'false',0);
INSERT INTO `testdetails` (`id`,`cat_id`,`subcat_id`,`title`,`no_of_ques`,`time_limit`,`correct_ans_marks`,`wrong_ans_marks`,`passing_percentage`,`shuffle_ques`,`shuffle_options`,`attempt_multiple_times`,`active`,`candidate_count`) VALUES (99129,1,6,'2',2,2,2,2,NULL,NULL,NULL,NULL,'false',0);
INSERT INTO `testdetails` (`id`,`cat_id`,`subcat_id`,`title`,`no_of_ques`,`time_limit`,`correct_ans_marks`,`wrong_ans_marks`,`passing_percentage`,`shuffle_ques`,`shuffle_options`,`attempt_multiple_times`,`active`,`candidate_count`) VALUES (99148,2,5,'test',12,12,12,12,NULL,NULL,NULL,NULL,'false',0);
INSERT INTO `testdetails` (`id`,`cat_id`,`subcat_id`,`title`,`no_of_ques`,`time_limit`,`correct_ans_marks`,`wrong_ans_marks`,`passing_percentage`,`shuffle_ques`,`shuffle_options`,`attempt_multiple_times`,`active`,`candidate_count`) VALUES (1458429741,2,5,'Bank SBI PO',20,25,4,1,NULL,NULL,NULL,NULL,'false',0);

INSERT INTO `testreports` (`id`,`test_id`,`username`,`emailid`,`mobile_number`,`marks_scored`,`time_taken`,`rank`,`questions_attempted`,`correct_ques`,`incorrect_ques`) VALUES (1,87900,'Diksha Bajaj','bajaj.diksha45@gmail.com',NULL,1,3,20,0,0,0);
INSERT INTO `testreports` (`id`,`test_id`,`username`,`emailid`,`mobile_number`,`marks_scored`,`time_taken`,`rank`,`questions_attempted`,`correct_ques`,`incorrect_ques`) VALUES (2,87900,'Vipin','vip.bajaj@gmail.com',NULL,2,2,18,0,0,0);
INSERT INTO `testreports` (`id`,`test_id`,`username`,`emailid`,`mobile_number`,`marks_scored`,`time_taken`,`rank`,`questions_attempted`,`correct_ques`,`incorrect_ques`) VALUES (3,87900,'test','test',NULL,3,1,17,0,0,0);
INSERT INTO `testreports` (`id`,`test_id`,`username`,`emailid`,`mobile_number`,`marks_scored`,`time_taken`,`rank`,`questions_attempted`,`correct_ques`,`incorrect_ques`) VALUES (4,87900,'Diksha','diksha.bajaj','9876543210',0,0,21,4,2,2);
INSERT INTO `testreports` (`id`,`test_id`,`username`,`emailid`,`mobile_number`,`marks_scored`,`time_taken`,`rank`,`questions_attempted`,`correct_ques`,`incorrect_ques`) VALUES (5,87900,'Diksha Bajaj','bajaj.diksha45@gmail.com','7206736086',8,0,1,4,4,0);
INSERT INTO `testreports` (`id`,`test_id`,`username`,`emailid`,`mobile_number`,`marks_scored`,`time_taken`,`rank`,`questions_attempted`,`correct_ques`,`incorrect_ques`) VALUES (7,297,'Diksha Bajaj','bajaj.diksha','37536',-5,0,2,1,0,1);
INSERT INTO `testreports` (`id`,`test_id`,`username`,`emailid`,`mobile_number`,`marks_scored`,`time_taken`,`rank`,`questions_attempted`,`correct_ques`,`incorrect_ques`) VALUES (8,297,'Diksha Bajaj','bajaj.diksha','37536',5,0,1,1,1,0);
INSERT INTO `testreports` (`id`,`test_id`,`username`,`emailid`,`mobile_number`,`marks_scored`,`time_taken`,`rank`,`questions_attempted`,`correct_ques`,`incorrect_ques`) VALUES (9,87900,'Diksha','Test','9872183645',0,0,22,4,2,2);
INSERT INTO `testreports` (`id`,`test_id`,`username`,`emailid`,`mobile_number`,`marks_scored`,`time_taken`,`rank`,`questions_attempted`,`correct_ques`,`incorrect_ques`) VALUES (10,87900,'Diksha Bajaj','diksha.bajaj','7206736086',-4,0,52,4,1,3);
INSERT INTO `testreports` (`id`,`test_id`,`username`,`emailid`,`mobile_number`,`marks_scored`,`time_taken`,`rank`,`questions_attempted`,`correct_ques`,`incorrect_ques`) VALUES (11,87900,'admin','admin email','7654321980',-8,0,56,4,0,4);
INSERT INTO `testreports` (`id`,`test_id`,`username`,`emailid`,`mobile_number`,`marks_scored`,`time_taken`,`rank`,`questions_attempted`,`correct_ques`,`incorrect_ques`) VALUES (12,87900,'admin','admin test','7658904321',0,0,23,4,2,2);
INSERT INTO `testreports` (`id`,`test_id`,`username`,`emailid`,`mobile_number`,`marks_scored`,`time_taken`,`rank`,`questions_attempted`,`correct_ques`,`incorrect_ques`) VALUES (13,87900,'rer','cf6565','765',-4,0,53,4,1,3);
INSERT INTO `testreports` (`id`,`test_id`,`username`,`emailid`,`mobile_number`,`marks_scored`,`time_taken`,`rank`,`questions_attempted`,`correct_ques`,`incorrect_ques`) VALUES (14,87900,'Diksha Bajaj','bajaj.diksha45@gmail.com','7206736086',0,0,24,4,2,2);
INSERT INTO `testreports` (`id`,`test_id`,`username`,`emailid`,`mobile_number`,`marks_scored`,`time_taken`,`rank`,`questions_attempted`,`correct_ques`,`incorrect_ques`) VALUES (15,87900,'Diksha Bajaj','test','8765432190',0,0,25,0,0,0);
INSERT INTO `testreports` (`id`,`test_id`,`username`,`emailid`,`mobile_number`,`marks_scored`,`time_taken`,`rank`,`questions_attempted`,`correct_ques`,`incorrect_ques`) VALUES (16,87900,'Diksha Bajaj','test','8765432190',0,0,26,0,0,0);
INSERT INTO `testreports` (`id`,`test_id`,`username`,`emailid`,`mobile_number`,`marks_scored`,`time_taken`,`rank`,`questions_attempted`,`correct_ques`,`incorrect_ques`) VALUES (17,87900,'Diksha Bajaj','test','8765432190',0,0,27,0,0,0);
INSERT INTO `testreports` (`id`,`test_id`,`username`,`emailid`,`mobile_number`,`marks_scored`,`time_taken`,`rank`,`questions_attempted`,`correct_ques`,`incorrect_ques`) VALUES (18,87900,'Diksha Bajaj','test','8765432190',0,0,28,0,0,0);
INSERT INTO `testreports` (`id`,`test_id`,`username`,`emailid`,`mobile_number`,`marks_scored`,`time_taken`,`rank`,`questions_attempted`,`correct_ques`,`incorrect_ques`) VALUES (19,87900,'Diksha Bajaj','test','8765432190',0,0,29,0,0,0);
INSERT INTO `testreports` (`id`,`test_id`,`username`,`emailid`,`mobile_number`,`marks_scored`,`time_taken`,`rank`,`questions_attempted`,`correct_ques`,`incorrect_ques`) VALUES (20,87900,'Diksha Bajaj','test','8765432190',0,0,30,0,0,0);
INSERT INTO `testreports` (`id`,`test_id`,`username`,`emailid`,`mobile_number`,`marks_scored`,`time_taken`,`rank`,`questions_attempted`,`correct_ques`,`incorrect_ques`) VALUES (21,87900,'Diksha Bajaj','test','8765432190',0,0,31,0,0,0);
INSERT INTO `testreports` (`id`,`test_id`,`username`,`emailid`,`mobile_number`,`marks_scored`,`time_taken`,`rank`,`questions_attempted`,`correct_ques`,`incorrect_ques`) VALUES (22,87900,'Diksha Bajaj','test','8765432190',0,0,32,0,0,0);
INSERT INTO `testreports` (`id`,`test_id`,`username`,`emailid`,`mobile_number`,`marks_scored`,`time_taken`,`rank`,`questions_attempted`,`correct_ques`,`incorrect_ques`) VALUES (23,87900,'Diksha Bajaj','test','8765432190',0,0,33,0,0,0);
INSERT INTO `testreports` (`id`,`test_id`,`username`,`emailid`,`mobile_number`,`marks_scored`,`time_taken`,`rank`,`questions_attempted`,`correct_ques`,`incorrect_ques`) VALUES (24,87900,'Diksha Bajaj','test','8765432190',0,0,34,0,0,0);
INSERT INTO `testreports` (`id`,`test_id`,`username`,`emailid`,`mobile_number`,`marks_scored`,`time_taken`,`rank`,`questions_attempted`,`correct_ques`,`incorrect_ques`) VALUES (25,87900,'Diksha Bajaj','test','8765432190',-2,0,51,1,0,1);
INSERT INTO `testreports` (`id`,`test_id`,`username`,`emailid`,`mobile_number`,`marks_scored`,`time_taken`,`rank`,`questions_attempted`,`correct_ques`,`incorrect_ques`) VALUES (26,87900,'Diksha Bajaj','test','8765432190',0,0,35,4,2,2);
INSERT INTO `testreports` (`id`,`test_id`,`username`,`emailid`,`mobile_number`,`marks_scored`,`time_taken`,`rank`,`questions_attempted`,`correct_ques`,`incorrect_ques`) VALUES (27,87900,'Diksha Bajaj','test','8765432190',0,0,36,4,2,2);
INSERT INTO `testreports` (`id`,`test_id`,`username`,`emailid`,`mobile_number`,`marks_scored`,`time_taken`,`rank`,`questions_attempted`,`correct_ques`,`incorrect_ques`) VALUES (28,87900,'test','test','12345',4,0,4,4,3,1);
INSERT INTO `testreports` (`id`,`test_id`,`username`,`emailid`,`mobile_number`,`marks_scored`,`time_taken`,`rank`,`questions_attempted`,`correct_ques`,`incorrect_ques`) VALUES (29,87900,'test','test','12345',4,0,5,4,3,1);
INSERT INTO `testreports` (`id`,`test_id`,`username`,`emailid`,`mobile_number`,`marks_scored`,`time_taken`,`rank`,`questions_attempted`,`correct_ques`,`incorrect_ques`) VALUES (30,87900,'test','test','12345',4,0,6,4,3,1);
INSERT INTO `testreports` (`id`,`test_id`,`username`,`emailid`,`mobile_number`,`marks_scored`,`time_taken`,`rank`,`questions_attempted`,`correct_ques`,`incorrect_ques`) VALUES (31,87900,'test','test','12345',4,0,7,4,3,1);
INSERT INTO `testreports` (`id`,`test_id`,`username`,`emailid`,`mobile_number`,`marks_scored`,`time_taken`,`rank`,`questions_attempted`,`correct_ques`,`incorrect_ques`) VALUES (32,87900,'test','test','12345',4,0,8,4,3,1);
INSERT INTO `testreports` (`id`,`test_id`,`username`,`emailid`,`mobile_number`,`marks_scored`,`time_taken`,`rank`,`questions_attempted`,`correct_ques`,`incorrect_ques`) VALUES (33,87900,'test','test','12345',4,0,9,4,3,1);
INSERT INTO `testreports` (`id`,`test_id`,`username`,`emailid`,`mobile_number`,`marks_scored`,`time_taken`,`rank`,`questions_attempted`,`correct_ques`,`incorrect_ques`) VALUES (34,87900,'test','test','12345',4,0,10,4,3,1);
INSERT INTO `testreports` (`id`,`test_id`,`username`,`emailid`,`mobile_number`,`marks_scored`,`time_taken`,`rank`,`questions_attempted`,`correct_ques`,`incorrect_ques`) VALUES (35,87900,'test','test','12345',4,0,11,4,3,1);
INSERT INTO `testreports` (`id`,`test_id`,`username`,`emailid`,`mobile_number`,`marks_scored`,`time_taken`,`rank`,`questions_attempted`,`correct_ques`,`incorrect_ques`) VALUES (36,87900,'test','test','12345',4,0,12,4,3,1);
INSERT INTO `testreports` (`id`,`test_id`,`username`,`emailid`,`mobile_number`,`marks_scored`,`time_taken`,`rank`,`questions_attempted`,`correct_ques`,`incorrect_ques`) VALUES (37,87900,'test','test','12345',4,0,13,4,3,1);
INSERT INTO `testreports` (`id`,`test_id`,`username`,`emailid`,`mobile_number`,`marks_scored`,`time_taken`,`rank`,`questions_attempted`,`correct_ques`,`incorrect_ques`) VALUES (38,87900,'test','te','67',4,0,14,4,3,1);
INSERT INTO `testreports` (`id`,`test_id`,`username`,`emailid`,`mobile_number`,`marks_scored`,`time_taken`,`rank`,`questions_attempted`,`correct_ques`,`incorrect_ques`) VALUES (39,87900,'test','te','67',4,0,15,4,3,1);
INSERT INTO `testreports` (`id`,`test_id`,`username`,`emailid`,`mobile_number`,`marks_scored`,`time_taken`,`rank`,`questions_attempted`,`correct_ques`,`incorrect_ques`) VALUES (40,87900,'test','te','67',4,0,16,2,2,0);
INSERT INTO `testreports` (`id`,`test_id`,`username`,`emailid`,`mobile_number`,`marks_scored`,`time_taken`,`rank`,`questions_attempted`,`correct_ques`,`incorrect_ques`) VALUES (41,87900,'test','te','67',8,0,2,4,4,0);
INSERT INTO `testreports` (`id`,`test_id`,`username`,`emailid`,`mobile_number`,`marks_scored`,`time_taken`,`rank`,`questions_attempted`,`correct_ques`,`incorrect_ques`) VALUES (42,87900,'test','te','67',0,0,37,2,1,1);
INSERT INTO `testreports` (`id`,`test_id`,`username`,`emailid`,`mobile_number`,`marks_scored`,`time_taken`,`rank`,`questions_attempted`,`correct_ques`,`incorrect_ques`) VALUES (43,87900,'test','te','67',0,0,38,2,1,1);
INSERT INTO `testreports` (`id`,`test_id`,`username`,`emailid`,`mobile_number`,`marks_scored`,`time_taken`,`rank`,`questions_attempted`,`correct_ques`,`incorrect_ques`) VALUES (44,87900,'test','te','67',0,0,39,2,1,1);
INSERT INTO `testreports` (`id`,`test_id`,`username`,`emailid`,`mobile_number`,`marks_scored`,`time_taken`,`rank`,`questions_attempted`,`correct_ques`,`incorrect_ques`) VALUES (45,87900,'test','te','67',0,0,40,2,1,1);
INSERT INTO `testreports` (`id`,`test_id`,`username`,`emailid`,`mobile_number`,`marks_scored`,`time_taken`,`rank`,`questions_attempted`,`correct_ques`,`incorrect_ques`) VALUES (46,87900,'test','te','67',0,0,41,2,1,1);
INSERT INTO `testreports` (`id`,`test_id`,`username`,`emailid`,`mobile_number`,`marks_scored`,`time_taken`,`rank`,`questions_attempted`,`correct_ques`,`incorrect_ques`) VALUES (47,87900,'test','te','67',0,0,42,2,1,1);
INSERT INTO `testreports` (`id`,`test_id`,`username`,`emailid`,`mobile_number`,`marks_scored`,`time_taken`,`rank`,`questions_attempted`,`correct_ques`,`incorrect_ques`) VALUES (48,87900,'test','te','67',0,0,43,2,1,1);
INSERT INTO `testreports` (`id`,`test_id`,`username`,`emailid`,`mobile_number`,`marks_scored`,`time_taken`,`rank`,`questions_attempted`,`correct_ques`,`incorrect_ques`) VALUES (49,87900,'test','te','67',0,0,44,2,1,1);
INSERT INTO `testreports` (`id`,`test_id`,`username`,`emailid`,`mobile_number`,`marks_scored`,`time_taken`,`rank`,`questions_attempted`,`correct_ques`,`incorrect_ques`) VALUES (50,87900,'Diksha Bajaj','bajaj.diksha45@gmail.com','7206736086',8,0,3,4,4,0);
INSERT INTO `testreports` (`id`,`test_id`,`username`,`emailid`,`mobile_number`,`marks_scored`,`time_taken`,`rank`,`questions_attempted`,`correct_ques`,`incorrect_ques`) VALUES (51,87900,'Diksha Bajaj','bajaj.diksha45@gmail.com','7206736086',0,0,45,4,2,2);
INSERT INTO `testreports` (`id`,`test_id`,`username`,`emailid`,`mobile_number`,`marks_scored`,`time_taken`,`rank`,`questions_attempted`,`correct_ques`,`incorrect_ques`) VALUES (52,87900,'Diksha Bajaj','bajaj.diksha45@gmail.com','7206736086',0,0,46,0,0,0);
INSERT INTO `testreports` (`id`,`test_id`,`username`,`emailid`,`mobile_number`,`marks_scored`,`time_taken`,`rank`,`questions_attempted`,`correct_ques`,`incorrect_ques`) VALUES (53,33999,'DIksha','bajaj','123',-8,0,1,4,1,3);
INSERT INTO `testreports` (`id`,`test_id`,`username`,`emailid`,`mobile_number`,`marks_scored`,`time_taken`,`rank`,`questions_attempted`,`correct_ques`,`incorrect_ques`) VALUES (54,87900,'Diksha','bajaj','0',0,0,47,4,2,2);
INSERT INTO `testreports` (`id`,`test_id`,`username`,`emailid`,`mobile_number`,`marks_scored`,`time_taken`,`rank`,`questions_attempted`,`correct_ques`,`incorrect_ques`) VALUES (55,87900,'Diksha','bajaj','0',0,0,48,4,2,2);
INSERT INTO `testreports` (`id`,`test_id`,`username`,`emailid`,`mobile_number`,`marks_scored`,`time_taken`,`rank`,`questions_attempted`,`correct_ques`,`incorrect_ques`) VALUES (56,87900,'Diksha','bajaj','0',0,0,49,4,2,2);
INSERT INTO `testreports` (`id`,`test_id`,`username`,`emailid`,`mobile_number`,`marks_scored`,`time_taken`,`rank`,`questions_attempted`,`correct_ques`,`incorrect_ques`) VALUES (57,87900,'Diksha Bajaj','bajaj.diksha45@gmail.com','7206736086',-4,0,54,4,1,3);
INSERT INTO `testreports` (`id`,`test_id`,`username`,`emailid`,`mobile_number`,`marks_scored`,`time_taken`,`rank`,`questions_attempted`,`correct_ques`,`incorrect_ques`) VALUES (58,87900,'d','d','6',-4,0,55,4,1,3);
INSERT INTO `testreports` (`id`,`test_id`,`username`,`emailid`,`mobile_number`,`marks_scored`,`time_taken`,`rank`,`questions_attempted`,`correct_ques`,`incorrect_ques`) VALUES (59,87900,'d','d','5',0,0,50,4,2,2);
INSERT INTO `testreports` (`id`,`test_id`,`username`,`emailid`,`mobile_number`,`marks_scored`,`time_taken`,`rank`,`questions_attempted`,`correct_ques`,`incorrect_ques`) VALUES (60,87900,'d','d','5',2,0,19,3,2,1);
INSERT INTO `testreports` (`id`,`test_id`,`username`,`emailid`,`mobile_number`,`marks_scored`,`time_taken`,`rank`,`questions_attempted`,`correct_ques`,`incorrect_ques`) VALUES (61,73302,'d','d','5',-5,0,45,10,1,9);
INSERT INTO `testreports` (`id`,`test_id`,`username`,`emailid`,`mobile_number`,`marks_scored`,`time_taken`,`rank`,`questions_attempted`,`correct_ques`,`incorrect_ques`) VALUES (62,73302,'d','d','4',10,0,2,5,3,2);
INSERT INTO `testreports` (`id`,`test_id`,`username`,`emailid`,`mobile_number`,`marks_scored`,`time_taken`,`rank`,`questions_attempted`,`correct_ques`,`incorrect_ques`) VALUES (63,73302,'d','d','6',0,0,19,0,0,0);
INSERT INTO `testreports` (`id`,`test_id`,`username`,`emailid`,`mobile_number`,`marks_scored`,`time_taken`,`rank`,`questions_attempted`,`correct_ques`,`incorrect_ques`) VALUES (64,73302,'d','d','6',0,0,20,0,0,0);
INSERT INTO `testreports` (`id`,`test_id`,`username`,`emailid`,`mobile_number`,`marks_scored`,`time_taken`,`rank`,`questions_attempted`,`correct_ques`,`incorrect_ques`) VALUES (65,73302,'d','d','6',0,0,21,0,0,0);
INSERT INTO `testreports` (`id`,`test_id`,`username`,`emailid`,`mobile_number`,`marks_scored`,`time_taken`,`rank`,`questions_attempted`,`correct_ques`,`incorrect_ques`) VALUES (66,73302,'d','d','6',0,0,22,0,0,0);
INSERT INTO `testreports` (`id`,`test_id`,`username`,`emailid`,`mobile_number`,`marks_scored`,`time_taken`,`rank`,`questions_attempted`,`correct_ques`,`incorrect_ques`) VALUES (67,73302,'d','d','6',0,0,23,0,0,0);
INSERT INTO `testreports` (`id`,`test_id`,`username`,`emailid`,`mobile_number`,`marks_scored`,`time_taken`,`rank`,`questions_attempted`,`correct_ques`,`incorrect_ques`) VALUES (68,73302,'d','d','6',0,0,24,0,0,0);
INSERT INTO `testreports` (`id`,`test_id`,`username`,`emailid`,`mobile_number`,`marks_scored`,`time_taken`,`rank`,`questions_attempted`,`correct_ques`,`incorrect_ques`) VALUES (69,73302,'d','d','6',0,0,25,0,0,0);
INSERT INTO `testreports` (`id`,`test_id`,`username`,`emailid`,`mobile_number`,`marks_scored`,`time_taken`,`rank`,`questions_attempted`,`correct_ques`,`incorrect_ques`) VALUES (70,73302,'d','d','6',0,0,26,0,0,0);
INSERT INTO `testreports` (`id`,`test_id`,`username`,`emailid`,`mobile_number`,`marks_scored`,`time_taken`,`rank`,`questions_attempted`,`correct_ques`,`incorrect_ques`) VALUES (71,73302,'d','d','4',17,0,1,8,5,3);
INSERT INTO `testreports` (`id`,`test_id`,`username`,`emailid`,`mobile_number`,`marks_scored`,`time_taken`,`rank`,`questions_attempted`,`correct_ques`,`incorrect_ques`) VALUES (72,73302,'Diksha','diksha','765',1,0,18,9,2,7);
INSERT INTO `testreports` (`id`,`test_id`,`username`,`emailid`,`mobile_number`,`marks_scored`,`time_taken`,`rank`,`questions_attempted`,`correct_ques`,`incorrect_ques`) VALUES (73,73302,'Diksha1','diksha','765',3,0,3,2,1,1);
INSERT INTO `testreports` (`id`,`test_id`,`username`,`emailid`,`mobile_number`,`marks_scored`,`time_taken`,`rank`,`questions_attempted`,`correct_ques`,`incorrect_ques`) VALUES (74,73302,'Diksha1','diksha','765',3,0,4,2,1,1);
INSERT INTO `testreports` (`id`,`test_id`,`username`,`emailid`,`mobile_number`,`marks_scored`,`time_taken`,`rank`,`questions_attempted`,`correct_ques`,`incorrect_ques`) VALUES (75,73302,'Diksha1','diksha','765',3,0,5,2,1,1);
INSERT INTO `testreports` (`id`,`test_id`,`username`,`emailid`,`mobile_number`,`marks_scored`,`time_taken`,`rank`,`questions_attempted`,`correct_ques`,`incorrect_ques`) VALUES (76,73302,'Diksha1','diksha','765',3,0,6,2,1,1);
INSERT INTO `testreports` (`id`,`test_id`,`username`,`emailid`,`mobile_number`,`marks_scored`,`time_taken`,`rank`,`questions_attempted`,`correct_ques`,`incorrect_ques`) VALUES (77,73302,'Diksha1','diksha','765',3,0,7,2,1,1);
INSERT INTO `testreports` (`id`,`test_id`,`username`,`emailid`,`mobile_number`,`marks_scored`,`time_taken`,`rank`,`questions_attempted`,`correct_ques`,`incorrect_ques`) VALUES (78,73302,'Diksha1','diksha','765',3,0,8,2,1,1);
INSERT INTO `testreports` (`id`,`test_id`,`username`,`emailid`,`mobile_number`,`marks_scored`,`time_taken`,`rank`,`questions_attempted`,`correct_ques`,`incorrect_ques`) VALUES (79,73302,'Diksha1','diksha','765',3,0,9,2,1,1);
INSERT INTO `testreports` (`id`,`test_id`,`username`,`emailid`,`mobile_number`,`marks_scored`,`time_taken`,`rank`,`questions_attempted`,`correct_ques`,`incorrect_ques`) VALUES (80,73302,'diks','h','6',3,0,10,2,1,1);
INSERT INTO `testreports` (`id`,`test_id`,`username`,`emailid`,`mobile_number`,`marks_scored`,`time_taken`,`rank`,`questions_attempted`,`correct_ques`,`incorrect_ques`) VALUES (81,73302,'diks','h','6',3,0,11,2,1,1);
INSERT INTO `testreports` (`id`,`test_id`,`username`,`emailid`,`mobile_number`,`marks_scored`,`time_taken`,`rank`,`questions_attempted`,`correct_ques`,`incorrect_ques`) VALUES (82,73302,'diks','h','6',0,0,27,0,0,0);
INSERT INTO `testreports` (`id`,`test_id`,`username`,`emailid`,`mobile_number`,`marks_scored`,`time_taken`,`rank`,`questions_attempted`,`correct_ques`,`incorrect_ques`) VALUES (83,73302,'diks','h','6',0,0,28,0,0,0);
INSERT INTO `testreports` (`id`,`test_id`,`username`,`emailid`,`mobile_number`,`marks_scored`,`time_taken`,`rank`,`questions_attempted`,`correct_ques`,`incorrect_ques`) VALUES (84,73302,'diks','h','6',0,0,29,0,0,0);
INSERT INTO `testreports` (`id`,`test_id`,`username`,`emailid`,`mobile_number`,`marks_scored`,`time_taken`,`rank`,`questions_attempted`,`correct_ques`,`incorrect_ques`) VALUES (85,73302,'diks','h','6',0,0,30,0,0,0);
INSERT INTO `testreports` (`id`,`test_id`,`username`,`emailid`,`mobile_number`,`marks_scored`,`time_taken`,`rank`,`questions_attempted`,`correct_ques`,`incorrect_ques`) VALUES (86,73302,'diks','h','6',0,0,31,0,0,0);
INSERT INTO `testreports` (`id`,`test_id`,`username`,`emailid`,`mobile_number`,`marks_scored`,`time_taken`,`rank`,`questions_attempted`,`correct_ques`,`incorrect_ques`) VALUES (87,73302,'diks','h','6',0,0,32,0,0,0);
INSERT INTO `testreports` (`id`,`test_id`,`username`,`emailid`,`mobile_number`,`marks_scored`,`time_taken`,`rank`,`questions_attempted`,`correct_ques`,`incorrect_ques`) VALUES (88,73302,'diks','h','6',0,0,33,0,0,0);
INSERT INTO `testreports` (`id`,`test_id`,`username`,`emailid`,`mobile_number`,`marks_scored`,`time_taken`,`rank`,`questions_attempted`,`correct_ques`,`incorrect_ques`) VALUES (89,73302,'diks','h','6',0,0,34,0,0,0);
INSERT INTO `testreports` (`id`,`test_id`,`username`,`emailid`,`mobile_number`,`marks_scored`,`time_taken`,`rank`,`questions_attempted`,`correct_ques`,`incorrect_ques`) VALUES (90,73302,'diks','h','6',0,0,35,0,0,0);
INSERT INTO `testreports` (`id`,`test_id`,`username`,`emailid`,`mobile_number`,`marks_scored`,`time_taken`,`rank`,`questions_attempted`,`correct_ques`,`incorrect_ques`) VALUES (91,73302,'diks','h','6',0,0,36,0,0,0);
INSERT INTO `testreports` (`id`,`test_id`,`username`,`emailid`,`mobile_number`,`marks_scored`,`time_taken`,`rank`,`questions_attempted`,`correct_ques`,`incorrect_ques`) VALUES (92,73302,'diks','h','6',0,0,37,0,0,0);
INSERT INTO `testreports` (`id`,`test_id`,`username`,`emailid`,`mobile_number`,`marks_scored`,`time_taken`,`rank`,`questions_attempted`,`correct_ques`,`incorrect_ques`) VALUES (93,73302,'diks','h','6',0,0,38,0,0,0);
INSERT INTO `testreports` (`id`,`test_id`,`username`,`emailid`,`mobile_number`,`marks_scored`,`time_taken`,`rank`,`questions_attempted`,`correct_ques`,`incorrect_ques`) VALUES (94,73302,'diks','h','6',0,0,39,0,0,0);
INSERT INTO `testreports` (`id`,`test_id`,`username`,`emailid`,`mobile_number`,`marks_scored`,`time_taken`,`rank`,`questions_attempted`,`correct_ques`,`incorrect_ques`) VALUES (95,73302,'diks','h','6',0,0,40,0,0,0);
INSERT INTO `testreports` (`id`,`test_id`,`username`,`emailid`,`mobile_number`,`marks_scored`,`time_taken`,`rank`,`questions_attempted`,`correct_ques`,`incorrect_ques`) VALUES (96,73302,'diks','h','6',0,0,41,0,0,0);
INSERT INTO `testreports` (`id`,`test_id`,`username`,`emailid`,`mobile_number`,`marks_scored`,`time_taken`,`rank`,`questions_attempted`,`correct_ques`,`incorrect_ques`) VALUES (97,73302,'diks','h','6',0,0,42,0,0,0);
INSERT INTO `testreports` (`id`,`test_id`,`username`,`emailid`,`mobile_number`,`marks_scored`,`time_taken`,`rank`,`questions_attempted`,`correct_ques`,`incorrect_ques`) VALUES (98,73302,'diks','h','6',0,0,43,0,0,0);
INSERT INTO `testreports` (`id`,`test_id`,`username`,`emailid`,`mobile_number`,`marks_scored`,`time_taken`,`rank`,`questions_attempted`,`correct_ques`,`incorrect_ques`) VALUES (99,73302,'diks','h','6',0,0,44,0,0,0);
INSERT INTO `testreports` (`id`,`test_id`,`username`,`emailid`,`mobile_number`,`marks_scored`,`time_taken`,`rank`,`questions_attempted`,`correct_ques`,`incorrect_ques`) VALUES (100,73302,'diksha','f','5',2,0,12,8,2,6);
INSERT INTO `testreports` (`id`,`test_id`,`username`,`emailid`,`mobile_number`,`marks_scored`,`time_taken`,`rank`,`questions_attempted`,`correct_ques`,`incorrect_ques`) VALUES (101,73302,'diksha','f','5',2,0,13,8,2,6);
INSERT INTO `testreports` (`id`,`test_id`,`username`,`emailid`,`mobile_number`,`marks_scored`,`time_taken`,`rank`,`questions_attempted`,`correct_ques`,`incorrect_ques`) VALUES (102,73302,'diksha','f','5',2,0,14,8,2,6);
INSERT INTO `testreports` (`id`,`test_id`,`username`,`emailid`,`mobile_number`,`marks_scored`,`time_taken`,`rank`,`questions_attempted`,`correct_ques`,`incorrect_ques`) VALUES (103,73302,'diksha','f','5',2,0,15,8,2,6);
INSERT INTO `testreports` (`id`,`test_id`,`username`,`emailid`,`mobile_number`,`marks_scored`,`time_taken`,`rank`,`questions_attempted`,`correct_ques`,`incorrect_ques`) VALUES (104,73302,'diksha','f','5',2,0,16,3,1,2);
INSERT INTO `testreports` (`id`,`test_id`,`username`,`emailid`,`mobile_number`,`marks_scored`,`time_taken`,`rank`,`questions_attempted`,`correct_ques`,`incorrect_ques`) VALUES (105,73302,'diksha','f','5',2,0,17,3,1,2);

INSERT INTO `usercreds` (`id`,`user_id`,`password`) VALUES (2,'diksha-94','cc03e747a6afbbcbf8be7668acfebee5');
INSERT INTO `usercreds` (`id`,`user_id`,`password`) VALUES (3,'Diksha Bajaj-13142','221923479cf7f48aae41351c61f34476');
INSERT INTO `usercreds` (`id`,`user_id`,`password`) VALUES (4,'DIksha-2757','e10adc3949ba59abbe56e057f20f883e');

INSERT INTO `userdetails` (`id`,`name`,`email`,`mobileno`) VALUES ('Diksha Bajaj-13142','Diksha Bajaj','bajaj.diksha01@gmail.com',7206736086);
INSERT INTO `userdetails` (`id`,`name`,`email`,`mobileno`) VALUES ('DIksha-2757','DIksha','vhivhi@hfj.jdi',8765467);
INSERT INTO `userdetails` (`id`,`name`,`email`,`mobileno`) VALUES ('diksha-94','Diksha Bajaj','bajaj.diksha45@gmail.com',7206736086);
INSERT INTO `userdetails` (`id`,`name`,`email`,`mobileno`) VALUES ('test-1','test','test@test.com',NULL);
INSERT INTO `userdetails` (`id`,`name`,`email`,`mobileno`) VALUES ('test-2','test2','test2@test.com',NULL);